UserID,Date,Revenue,Quota
31,11/1/24,840283.03,851516
93,11/1/24,580084,560031
37,11/1/24,302785197,336522852
96,11/1/24,2914535.69,2229870
34,11/1/24,423005,1358283
34,11/1/24,423005,1358283
37,11/1/24,302785197,336522852
96,11/1/24,2914535.69,2229870
71,11/1/24,610064,616065
96,11/1/24,2914535.69,2229870
34,11/1/24,423005,1358283
96,11/1/24,2914535.69,2229870
31,11/1/24,840283.03,851516
31,11/1/24,840283.03,851516
34,11/1/24,423005,1358283
96,11/1/24,2914535.69,2229870
34,11/1/24,423005,1358283
34,11/1/24,423005,1358283
34,11/1/24,423005,1358283
37,11/1/24,302785197,336522852
37,11/1/24,302785197,336522852
71,11/1/24,610064,616065
93,11/1/24,580084,560031
96,11/1/24,2914535.69,2229870
31,11/1/24,840283.03,851516
31,11/1/24,840283.03,851516
93,11/1/24,580084,560031
31,11/1/24,840283.03,851516
71,11/1/24,610064,616065
37,11/1/24,302785197,336522852
71,11/1/24,610064,616065
71,11/1/24,610064,616065
93,11/1/24,580084,560031
71,11/1/24,610064,616065
31,11/1/24,840283.03,851516
37,11/1/24,302785197,336522852
31,11/1/24,840283.03,851516
96,11/1/24,2914535.69,2229870
34,11/1/24,423005,1358283
93,11/1/24,580084,560031
37,11/1/24,302785197,336522852
71,11/1/24,610064,616065
37,11/1/24,302785197,336522852
96,11/1/24,2914535.69,2229870
71,11/1/24,610064,616065
93,11/1/24,580084,560031
93,11/1/24,580084,560031
93,11/1/24,580084,560031
30,11/1/24,801143,762144
30,11/1/24,801143,762144
33,11/1/24,1278118.73,1302665
33,11/1/24,1278118.73,1302665
95,11/1/24,1949303,2946497
95,11/1/24,1949303,2946497
70,11/1/24,614742,603714
36,11/1/24,193164,513208
36,11/1/24,193164,513208
36,11/1/24,193164,513208
92,11/1/24,254487,890897
92,11/1/24,254487,890897
70,11/1/24,614742,603714
95,11/1/24,1949303,2946497
95,11/1/24,1949303,2946497
30,11/1/24,801143,762144
36,11/1/24,193164,513208
70,11/1/24,614742,603714
33,11/1/24,1278118.73,1302665
92,11/1/24,254487,890897
30,11/1/24,801143,762144
70,11/1/24,614742,603714
92,11/1/24,254487,890897
92,11/1/24,254487,890897
30,11/1/24,801143,762144
36,11/1/24,193164,513208
70,11/1/24,614742,603714
36,11/1/24,193164,513208
33,11/1/24,1278118.73,1302665
30,11/1/24,801143,762144
95,11/1/24,1949303,2946497
95,11/1/24,1949303,2946497
92,11/1/24,254487,890897
36,11/1/24,193164,513208
95,11/1/24,1949303,2946497
30,11/1/24,801143,762144
33,11/1/24,1278118.73,1302665
95,11/1/24,1949303,2946497
70,11/1/24,614742,603714
30,11/1/24,801143,762144
92,11/1/24,254487,890897
92,11/1/24,254487,890897
33,11/1/24,1278118.73,1302665
36,11/1/24,193164,513208
33,11/1/24,1278118.73,1302665
70,11/1/24,614742,603714
33,11/1/24,1278118.73,1302665
70,11/1/24,614742,603714
91,11/1/24,995378.37,1035349
91,11/1/24,995378.37,1035349
29,11/1/24,196914,602351
35,11/1/24,497503,483633
29,11/1/24,196914,602351
94,11/1/24,169319,646219
69,11/1/24,67024,286094
91,11/1/24,995378.37,1035349
69,11/1/24,67024,286094
32,11/1/24,1309267,1234713
32,11/1/24,1309267,1234713
94,11/1/24,169319,646219
69,11/1/24,67024,286094
35,11/1/24,497503,483633
91,11/1/24,995378.37,1035349
91,11/1/24,995378.37,1035349
69,11/1/24,67024,286094
35,11/1/24,497503,483633
32,11/1/24,1309267,1234713
35,11/1/24,497503,483633
35,11/1/24,497503,483633
35,11/1/24,497503,483633
91,11/1/24,995378.37,1035349
35,11/1/24,497503,483633
91,11/1/24,995378.37,1035349
94,11/1/24,169319,646219
32,11/1/24,1309267,1234713
94,11/1/24,169319,646219
94,11/1/24,169319,646219
29,11/1/24,196914,602351
69,11/1/24,67024,286094
35,11/1/24,497503,483633
29,11/1/24,196914,602351
69,11/1/24,67024,286094
32,11/1/24,1309267,1234713
94,11/1/24,169319,646219
32,11/1/24,1309267,1234713
29,11/1/24,196914,602351
32,11/1/24,1309267,1234713
69,11/1/24,67024,286094
32,11/1/24,1309267,1234713
69,11/1/24,67024,286094
29,11/1/24,196914,602351
29,11/1/24,196914,602351
94,11/1/24,169319,646219
91,11/1/24,995378.37,1035349
94,11/1/24,169319,646219
29,11/1/24,196914,602351
28,11/1/24,597831,586285
31,11/1/24,1554513,6792925
28,11/1/24,597831,586285
34,11/1/24,489809,467120
31,11/1/24,1554513,6792925
34,11/1/24,489809,467120
34,11/1/24,489809,467120
31,11/1/24,1554513,6792925
31,11/1/24,1554513,6792925
34,11/1/24,489809,467120
93,11/1/24,594806,595685
34,11/1/24,489809,467120
28,11/1/24,597831,586285
93,11/1/24,594806,595685
90,11/1/24,1573244,1588870
93,11/1/24,594806,595685
90,11/1/24,1573244,1588870
90,11/1/24,1573244,1588870
93,11/1/24,594806,595685
90,11/1/24,1573244,1588870
90,11/1/24,1573244,1588870
68,11/1/24,320379,308405
68,11/1/24,320379,308405
34,11/1/24,489809,467120
68,11/1/24,320379,308405
68,11/1/24,320379,308405
28,11/1/24,597831,586285
68,11/1/24,320379,308405
28,11/1/24,597831,586285
68,11/1/24,320379,308405
34,11/1/24,489809,467120
34,11/1/24,489809,467120
93,11/1/24,594806,595685
68,11/1/24,320379,308405
93,11/1/24,594806,595685
68,11/1/24,320379,308405
90,11/1/24,1573244,1588870
31,11/1/24,1554513,6792925
31,11/1/24,1554513,6792925
28,11/1/24,597831,586285
93,11/1/24,594806,595685
31,11/1/24,1554513,6792925
28,11/1/24,597831,586285
31,11/1/24,1554513,6792925
90,11/1/24,1573244,1588870
93,11/1/24,594806,595685
28,11/1/24,597831,586285
90,11/1/24,1573244,1588870
92,11/1/24,558287,601990
30,11/1/24,5720481.89,5423960
27,11/1/24,585372,483336
89,11/1/24,613946,1434315
27,11/1/24,585372,483336
67,11/1/24,429528,496776
89,11/1/24,613946,1434315
30,11/1/24,5720481.89,5423960
27,11/1/24,585372,483336
30,11/1/24,5720481.89,5423960
67,11/1/24,429528,496776
67,11/1/24,429528,496776
67,11/1/24,429528,496776
33,11/1/24,1539222,7195712
27,11/1/24,585372,483336
89,11/1/24,613946,1434315
89,11/1/24,613946,1434315
67,11/1/24,429528,496776
89,11/1/24,613946,1434315
33,11/1/24,1539222,7195712
92,11/1/24,558287,601990
30,11/1/24,5720481.89,5423960
89,11/1/24,613946,1434315
67,11/1/24,429528,496776
33,11/1/24,1539222,7195712
67,11/1/24,429528,496776
92,11/1/24,558287,601990
30,11/1/24,5720481.89,5423960
30,11/1/24,5720481.89,5423960
27,11/1/24,585372,483336
30,11/1/24,5720481.89,5423960
67,11/1/24,429528,496776
33,11/1/24,1539222,7195712
92,11/1/24,558287,601990
33,11/1/24,1539222,7195712
92,11/1/24,558287,601990
92,11/1/24,558287,601990
92,11/1/24,558287,601990
33,11/1/24,1539222,7195712
92,11/1/24,558287,601990
89,11/1/24,613946,1434315
33,11/1/24,1539222,7195712
27,11/1/24,585372,483336
33,11/1/24,1539222,7195712
89,11/1/24,613946,1434315
27,11/1/24,585372,483336
30,11/1/24,5720481.89,5423960
27,11/1/24,585372,483336
89,11/1/24,1596268,2348400
86,11/1/24,1771443,8171405
89,11/1/24,1596268,2348400
89,11/1/24,1596268,2348400
30,11/1/24,27569,122084
30,11/1/24,27569,122084
24,11/5/24,326048,334433
86,11/5/24,1771443,8171405
27,11/5/24,941006.93,807608
86,11/5/24,1771443,8171405
89,11/5/24,1596268,2348400
27,11/5/24,941006.93,807608
27,11/5/24,941006.93,807608
24,11/5/24,326048,334433
89,11/5/24,1596268,2348400
24,11/5/24,326048,334433
24,11/5/24,326048,334433
86,11/5/24,1771443,8171405
64,11/5/24,4854570,4611652
27,11/5/24,941006.93,807608
24,11/5/24,326048,334433
27,11/5/24,941006.93,807608
64,11/5/24,4854570,4611652
64,11/5/24,4854570,4611652
86,11/5/24,1771443,8171405
27,11/5/24,941006.93,807608
24,11/5/24,326048,334433
30,11/5/24,27569,122084
64,11/5/24,4854570,4611652
24,11/5/24,326048,334433
64,11/5/24,4854570,4611652
27,11/5/24,941006.93,807608
30,11/5/24,27569,122084
89,11/5/24,1596268,2348400
24,11/5/24,326048,334433
64,11/5/24,4854570,4611652
64,11/5/24,4854570,4611652
89,11/5/24,1596268,2348400
86,11/5/24,1771443,8171405
27,11/5/24,941006.93,807608
30,11/5/24,27569,122084
86,11/5/24,1771443,8171405
30,11/5/24,27569,122084
86,11/5/24,1771443,8171405
30,11/5/24,27569,122084
89,11/5/24,1596268,2348400
64,11/5/24,4854570,4611652
30,11/5/24,27569,122084
63,11/4/24,552582,1808304
26,11/4/24,744482,548498
63,11/4/24,552582,1808304
88,11/4/24,412380,1336355
23,11/4/24,335463,1115499
29,11/4/24,89941.5,66251
88,11/4/24,412380,1336355
88,11/4/24,412380,1336355
23,11/4/24,335463,1115499
85,11/4/24,7649859.67,7580685
85,11/4/24,7649859.67,7580685
63,11/4/24,552582,1808304
23,11/4/24,335463,1115499
63,11/4/24,552582,1808304
26,11/4/24,744482,548498
29,11/4/24,89941.5,66251
26,11/4/24,744482,548498
26,11/4/24,744482,548498
85,11/4/24,7649859.67,7580685
23,11/4/24,335463,1115499
23,11/4/24,335463,1115499
26,11/4/24,744482,548498
85,11/4/24,7649859.67,7580685
63,11/4/24,552582,1808304
88,11/4/24,412380,1336355
26,11/4/24,744482,548498
23,11/4/24,335463,1115499
23,11/4/24,335463,1115499
23,11/4/24,335463,1115499
26,11/4/24,744482,548498
85,11/4/24,7649859.67,7580685
85,11/4/24,7649859.67,7580685
63,11/4/24,552582,1808304
88,11/4/24,412380,1336355
29,11/4/24,89941.5,66251
88,11/4/24,412380,1336355
63,11/4/24,552582,1808304
29,11/4/24,89941.5,66251
85,11/4/24,7649859.67,7580685
85,11/4/24,7649859.67,7580685
29,11/4/24,89941.5,66251
26,11/4/24,744482,548498
63,11/4/24,552582,1808304
88,11/4/24,412380,1336355
29,11/4/24,89941.5,66251
88,11/4/24,412380,1336355
29,11/4/24,89941.5,66251
29,11/4/24,89941.5,66251
84,11/3/24,867643,707150
28,11/3/24,0,0
28,11/3/24,0,0
22,11/3/24,1028726.28,1074462
25,11/3/24,3654176,12008623
28,11/3/24,0,0
62,11/3/24,1721418,1673921
84,11/3/24,867643,707150
22,11/3/24,1028726.28,1074462
87,11/3/24,1246454,1302975
22,11/3/24,1028726.28,1074462
62,11/3/24,1721418,1673921
25,11/3/24,3654176,12008623
25,11/3/24,3654176,12008623
28,11/3/24,0,0
87,11/3/24,1246454,1302975
87,11/3/24,1246454,1302975
28,11/3/24,0,0
87,11/3/24,1246454,1302975
25,11/3/24,3654176,12008623
22,11/3/24,1028726.28,1074462
84,11/3/24,867643,707150
62,11/3/24,1721418,1673921
87,11/3/24,1246454,1302975
84,11/3/24,867643,707150
22,11/3/24,1028726.28,1074462
62,11/3/24,1721418,1673921
84,11/3/24,867643,707150
25,11/3/24,3654176,12008623
84,11/3/24,867643,707150
28,11/3/24,0,0
25,11/3/24,3654176,12008623
22,11/3/24,1028726.28,1074462
84,11/3/24,867643,707150
62,11/3/24,1721418,1673921
25,11/3/24,3654176,12008623
62,11/3/24,1721418,1673921
87,11/3/24,1246454,1302975
62,11/3/24,1721418,1673921
22,11/3/24,1028726.28,1074462
84,11/3/24,867643,707150
87,11/3/24,1246454,1302975
28,11/3/24,0,0
22,11/3/24,1028726.28,1074462
87,11/3/24,1246454,1302975
25,11/3/24,3654176,12008623
28,11/3/24,0,0
62,11/3/24,1721418,1673921
24,11/2/24,11776067.52,12251449
21,11/2/24,1360771,1308248
21,11/2/24,1360771,1308248
86,11/2/24,1245421,1037820
24,11/2/24,11776067.52,12251449
61,11/2/24,1599625,1614585
61,11/2/24,1599625,1614585
61,11/2/24,1599625,1614585
24,11/2/24,11776067.52,12251449
86,11/2/24,1245421,1037820
27,11/2/24,126430,574171
24,11/2/24,11776067.52,12251449
61,11/2/24,1599625,1614585
27,11/2/24,126430,574171
61,11/2/24,1599625,1614585
83,11/2/24,835636,2971064
21,11/2/24,1360771,1308248
21,11/2/24,1360771,1308248
86,11/2/24,1245421,1037820
83,11/2/24,835636,2971064
27,11/2/24,126430,574171
61,11/2/24,1599625,1614585
27,11/2/24,126430,574171
83,11/2/24,835636,2971064
24,11/2/24,11776067.52,12251449
21,11/2/24,1360771,1308248
86,11/2/24,1245421,1037820
24,11/2/24,11776067.52,12251449
21,11/2/24,1360771,1308248
21,11/2/24,1360771,1308248
83,11/2/24,835636,2971064
83,11/2/24,835636,2971064
83,11/2/24,835636,2971064
27,11/2/24,126430,574171
21,11/2/24,1360771,1308248
83,11/2/24,835636,2971064
27,11/2/24,126430,574171
61,11/2/24,1599625,1614585
27,11/2/24,126430,574171
86,11/2/24,1245421,1037820
86,11/2/24,1245421,1037820
24,11/2/24,11776067.52,12251449
27,11/2/24,126430,574171
86,11/2/24,1245421,1037820
24,11/2/24,11776067.52,12251449
86,11/2/24,1245421,1037820
83,11/2/24,835636,2971064
61,11/2/24,1599625,1614585
114,11/1/24,1767750,1275160
26,11/1/24,538665,472189
60,11/1/24,511430,1703175
60,11/1/24,511430,1703175
85,11/1/24,482919,1477096
111,11/1/24,369962,918809
20,11/1/24,191749,487656
30,11/1/24,216527,734368
60,11/1/24,511430,1703175
117,11/1/24,306403,283056
117,11/1/24,306403,283056
26,11/1/24,538665,472189
55,11/1/24,2286040,7882926
23,11/1/24,11869267.39,11512870
85,11/1/24,482919,1477096
82,11/1/24,2913283.95,2845681
52,11/1/24,515581.44,559620
60,11/1/24,511430,1703175
60,11/1/24,511430,1703175
23,11/1/24,11869267.39,11512870
85,11/1/24,482919,1477096
26,11/1/24,538665,472189
20,11/1/24,191749,487656
111,11/1/24,369962,918809
111,11/1/24,369962,918809
26,11/1/24,538665,472189
30,11/1/24,216527,734368
82,11/1/24,2913283.95,2845681
111,11/1/24,369962,918809
55,11/1/24,2286040,7882926
111,11/1/24,369962,918809
23,11/1/24,11869267.39,11512870
26,11/1/24,538665,472189
114,11/1/24,1767750,1275160
52,11/1/24,515581.44,559620
114,11/1/24,1767750,1275160
82,11/1/24,2913283.95,2845681
20,11/1/24,191749,487656
20,11/1/24,191749,487656
26,11/1/24,538665,472189
114,11/1/24,1767750,1275160
82,11/1/24,2913283.95,2845681
55,11/1/24,2286040,7882926
111,11/1/24,369962,918809
23,11/1/24,11869267.39,11512870
23,11/1/24,11869267.39,11512870
23,11/1/24,11869267.39,11512870
114,11/1/24,1767750,1275160
82,11/1/24,2913283.95,2845681
114,11/1/24,1767750,1275160
30,11/1/24,216527,734368
30,11/1/24,216527,734368
55,11/1/24,2286040,7882926
82,11/1/24,2913283.95,2845681
114,11/1/24,1767750,1275160
30,11/1/24,216527,734368
52,11/1/24,515581.44,559620
20,11/1/24,191749,487656
117,11/1/24,306403,283056
85,11/1/24,482919,1477096
82,11/1/24,2913283.95,2845681
117,11/1/24,306403,283056
114,11/1/24,1767750,1275160
23,11/1/24,11869267.39,11512870
85,11/1/24,482919,1477096
52,11/1/24,515581.44,559620
85,11/1/24,482919,1477096
55,11/1/24,2286040,7882926
55,11/1/24,2286040,7882926
52,11/1/24,515581.44,559620
85,11/1/24,482919,1477096
55,11/1/24,2286040,7882926
117,11/1/24,306403,283056
117,11/1/24,306403,283056
30,11/1/24,216527,734368
111,11/1/24,369962,918809
60,11/1/24,511430,1703175
111,11/1/24,369962,918809
52,11/1/24,515581.44,559620
30,11/1/24,216527,734368
20,11/1/24,191749,487656
20,11/1/24,191749,487656
85,11/1/24,482919,1477096
60,11/1/24,511430,1703175
30,11/1/24,216527,734368
52,11/1/24,515581.44,559620
52,11/1/24,515581.44,559620
117,11/1/24,306403,283056
82,11/1/24,2913283.95,2845681
60,11/1/24,511430,1703175
26,11/1/24,538665,472189
55,11/1/24,2286040,7882926
20,11/1/24,191749,487656
26,11/1/24,538665,472189
23,11/1/24,11869267.39,11512870
117,11/1/24,306403,283056
116,10/11/24,251041,279247
54,10/11/24,8105104.76,8401298
22,10/11/24,572840,2091630
54,10/11/24,8105104.76,8401298
81,10/11/24,3015556,3094716
59,10/11/24,1592780,1638418
54,10/11/24,8105104.76,8401298
19,10/11/24,466990.26,524900
81,10/11/24,3015556,3094716
110,10/11/24,441692,608891
113,10/11/24,251370,814719
51,10/11/24,582248,617771
19,10/11/24,466990.26,524900
59,10/11/24,1592780,1638418
22,10/11/24,572840,2091630
25,10/11/24,696251,712621
57,10/11/24,2105065,7690151
81,10/11/24,3015556,3094716
29,10/11/24,597703.54,560988
116,10/11/24,251041,279247
51,10/11/24,582248,617771
113,10/11/24,251370,814719
113,10/11/24,251370,814719
29,10/11/24,597703.54,560988
84,10/11/24,1452557.72,1496174
29,10/11/24,597703.54,560988
57,10/11/24,2105065,7690151
54,10/11/24,8105104.76,8401298
25,10/11/24,696251,712621
110,10/11/24,441692,608891
22,10/11/24,572840,2091630
57,10/11/24,2105065,7690151
116,10/11/24,251041,279247
113,10/11/24,251370,814719
116,10/11/24,251041,279247
19,10/11/24,466990.26,524900
57,10/11/24,2105065,7690151
54,10/11/24,8105104.76,8401298
84,10/11/24,1452557.72,1496174
22,10/11/24,572840,2091630
110,10/11/24,441692,608891
54,10/11/24,8105104.76,8401298
51,10/11/24,582248,617771
22,10/11/24,572840,2091630
110,10/11/24,441692,608891
116,10/11/24,251041,279247
25,10/11/24,696251,712621
81,10/11/24,3015556,3094716
29,10/11/24,597703.54,560988
29,10/11/24,597703.54,560988
113,10/11/24,251370,814719
116,10/11/24,251041,279247
116,10/11/24,251041,279247
84,10/11/24,1452557.72,1496174
25,10/11/24,696251,712621
22,10/11/24,572840,2091630
25,10/11/24,696251,712621
116,10/11/24,251041,279247
110,10/11/24,441692,608891
25,10/11/24,696251,712621
57,10/11/24,2105065,7690151
29,10/11/24,597703.54,560988
57,10/11/24,2105065,7690151
57,10/11/24,2105065,7690151
110,10/11/24,441692,608891
113,10/11/24,251370,814719
29,10/11/24,597703.54,560988
59,10/11/24,1592780,1638418
84,10/11/24,1452557.72,1496174
51,10/11/24,582248,617771
22,10/11/24,572840,2091630
81,10/11/24,3015556,3094716
59,10/11/24,1592780,1638418
54,10/11/24,8105104.76,8401298
81,10/11/24,3015556,3094716
51,10/11/24,582248,617771
84,10/11/24,1452557.72,1496174
19,10/11/24,466990.26,524900
19,10/11/24,466990.26,524900
84,10/11/24,1452557.72,1496174
54,10/11/24,8105104.76,8401298
113,10/11/24,251370,814719
59,10/11/24,1592780,1638418
25,10/11/24,696251,712621
51,10/11/24,582248,617771
29,10/11/24,597703.54,560988
81,10/11/24,3015556,3094716
84,10/11/24,1452557.72,1496174
59,10/11/24,1592780,1638418
51,10/11/24,582248,617771
19,10/11/24,466990.26,524900
110,10/11/24,441692,608891
51,10/11/24,582248,617771
84,10/11/24,1452557.72,1496174
57,10/11/24,2105065,7690151
81,10/11/24,3015556,3094716
22,10/11/24,572840,2091630
113,10/11/24,251370,814719
19,10/11/24,466990.26,524900
25,10/11/24,696251,712621
110,10/11/24,441692,608891
59,10/11/24,1592780,1638418
19,10/11/24,466990.26,524900
59,10/11/24,1592780,1638418
112,9/5/24,812056.38,788222
56,9/5/24,15479538.71,15633627
18,9/5/24,344671,336463
115,9/5/24,1303670,5661537
112,9/5/24,812056.38,788222
83,9/5/24,1448915,1386977
112,9/5/24,812056.38,788222
115,9/5/24,1303670,5661537
56,9/5/24,15479538.71,15633627
112,9/5/24,812056.38,788222
109,9/5/24,1174897,1150024
21,9/5/24,1979542,1853965
28,9/5/24,161527,154367
24,9/5/24,149146,691972
50,9/5/24,383285,1621044
53,9/5/24,8434620,8151081
80,9/5/24,3143771,10800593
18,9/5/24,344671,336463
115,9/5/24,1303670,5661537
18,9/5/24,344671,336463
21,9/5/24,1979542,1853965
109,9/5/24,1174897,1150024
24,9/5/24,149146,691972
18,9/5/24,344671,336463
24,9/5/24,149146,691972
109,9/5/24,1174897,1150024
112,9/5/24,812056.38,788222
83,9/5/24,1448915,1386977
80,9/5/24,3143771,10800593
80,9/5/24,3143771,10800593
58,9/5/24,1579040,1437364
53,9/5/24,8434620,8151081
21,9/5/24,1979542,1853965
53,9/5/24,8434620,8151081
28,9/5/24,161527,154367
80,9/5/24,3143771,10800593
18,9/5/24,344671,336463
50,9/5/24,383285,1621044
115,9/5/24,1303670,5661537
18,9/5/24,344671,336463
109,9/5/24,1174897,1150024
50,9/5/24,383285,1621044
80,9/5/24,3143771,10800593
24,9/5/24,149146,691972
115,9/5/24,1303670,5661537
21,9/5/24,1979542,1853965
58,9/5/24,1579040,1437364
24,9/5/24,149146,691972
83,9/5/24,1448915,1386977
115,9/5/24,1303670,5661537
56,9/5/24,15479538.71,15633627
80,9/5/24,3143771,10800593
56,9/5/24,15479538.71,15633627
53,9/5/24,8434620,8151081
28,9/5/24,161527,154367
24,9/5/24,149146,691972
18,9/5/24,344671,336463
21,9/5/24,1979542,1853965
115,9/5/24,1303670,5661537
53,9/5/24,8434620,8151081
18,9/5/24,344671,336463
109,9/5/24,1174897,1150024
21,9/5/24,1979542,1853965
50,9/5/24,383285,1621044
109,9/5/24,1174897,1150024
83,9/5/24,1448915,1386977
83,9/5/24,1448915,1386977
53,9/5/24,8434620,8151081
83,9/5/24,1448915,1386977
115,9/5/24,1303670,5661537
28,9/5/24,161527,154367
56,9/5/24,15479538.71,15633627
28,9/5/24,161527,154367
24,9/5/24,149146,691972
109,9/5/24,1174897,1150024
112,9/5/24,812056.38,788222
56,9/5/24,15479538.71,15633627
53,9/5/24,8434620,8151081
50,9/5/24,383285,1621044
24,9/5/24,149146,691972
50,9/5/24,383285,1621044
50,9/5/24,383285,1621044
80,9/5/24,3143771,10800593
28,9/5/24,161527,154367
58,9/5/24,1579040,1437364
21,9/5/24,1979542,1853965
53,9/5/24,8434620,8151081
28,9/5/24,161527,154367
83,9/5/24,1448915,1386977
58,9/5/24,1579040,1437364
56,9/5/24,15479538.71,15633627
112,9/5/24,812056.38,788222
80,9/5/24,3143771,10800593
58,9/5/24,1579040,1437364
58,9/5/24,1579040,1437364
56,9/5/24,15479538.71,15633627
58,9/5/24,1579040,1437364
112,9/5/24,812056.38,788222
58,9/5/24,1579040,1437364
21,9/5/24,1979542,1853965
83,9/5/24,1448915,1386977
50,9/5/24,383285,1621044
109,9/5/24,1174897,1150024
28,9/5/24,161527,154367
114,9/4/24,4074924.98,3657360
23,9/4/24,654571.19,633635
108,9/4/24,11394168,40979133
17,9/4/24,105906,357868
17,9/4/24,105906,357868
20,9/4/24,1831361,1667712
49,9/4/24,1210236,1235289
55,9/4/24,7524740,7277541
111,9/4/24,799371,761972
52,9/4/24,374817,1333712
27,9/4/24,409418,1225793
55,9/4/24,7524740,7277541
49,9/4/24,1210236,1235289
57,9/4/24,3168800,11490553
20,9/4/24,1831361,1667712
108,9/4/24,11394168,40979133
82,9/4/24,387533,804987
82,9/4/24,387533,804987
17,9/4/24,105906,357868
49,9/4/24,1210236,1235289
20,9/4/24,1831361,1667712
57,9/4/24,3168800,11490553
79,9/4/24,11576881.6,11935857
20,9/4/24,1831361,1667712
23,9/4/24,654571.19,633635
111,9/4/24,799371,761972
17,9/4/24,105906,357868
20,9/4/24,1831361,1667712
111,9/4/24,799371,761972
23,9/4/24,654571.19,633635
20,9/4/24,1831361,1667712
57,9/4/24,3168800,11490553
114,9/4/24,4074924.98,3657360
52,9/4/24,374817,1333712
114,9/4/24,4074924.98,3657360
49,9/4/24,1210236,1235289
114,9/4/24,4074924.98,3657360
52,9/4/24,374817,1333712
17,9/4/24,105906,357868
79,9/4/24,11576881.6,11935857
79,9/4/24,11576881.6,11935857
82,9/4/24,387533,804987
114,9/4/24,4074924.98,3657360
111,9/4/24,799371,761972
49,9/4/24,1210236,1235289
108,9/4/24,11394168,40979133
27,9/4/24,409418,1225793
82,9/4/24,387533,804987
57,9/4/24,3168800,11490553
114,9/4/24,4074924.98,3657360
79,9/4/24,11576881.6,11935857
23,9/4/24,654571.19,633635
79,9/4/24,11576881.6,11935857
108,9/4/24,11394168,40979133
79,9/4/24,11576881.6,11935857
52,9/4/24,374817,1333712
82,9/4/24,387533,804987
108,9/4/24,11394168,40979133
27,9/4/24,409418,1225793
27,9/4/24,409418,1225793
55,9/4/24,7524740,7277541
20,9/4/24,1831361,1667712
52,9/4/24,374817,1333712
52,9/4/24,374817,1333712
57,9/4/24,3168800,11490553
108,9/4/24,11394168,40979133
57,9/4/24,3168800,11490553
20,9/4/24,1831361,1667712
55,9/4/24,7524740,7277541
79,9/4/24,11576881.6,11935857
49,9/4/24,1210236,1235289
111,9/4/24,799371,761972
111,9/4/24,799371,761972
23,9/4/24,654571.19,633635
82,9/4/24,387533,804987
49,9/4/24,1210236,1235289
27,9/4/24,409418,1225793
27,9/4/24,409418,1225793
49,9/4/24,1210236,1235289
114,9/4/24,4074924.98,3657360
23,9/4/24,654571.19,633635
27,9/4/24,409418,1225793
17,9/4/24,105906,357868
27,9/4/24,409418,1225793
79,9/4/24,11576881.6,11935857
57,9/4/24,3168800,11490553
114,9/4/24,4074924.98,3657360
82,9/4/24,387533,804987
57,9/4/24,3168800,11490553
23,9/4/24,654571.19,633635
55,9/4/24,7524740,7277541
111,9/4/24,799371,761972
23,9/4/24,654571.19,633635
108,9/4/24,11394168,40979133
17,9/4/24,105906,357868
52,9/4/24,374817,1333712
111,9/4/24,799371,761972
55,9/4/24,7524740,7277541
55,9/4/24,7524740,7277541
108,9/4/24,11394168,40979133
17,9/4/24,105906,357868
52,9/4/24,374817,1333712
82,9/4/24,387533,804987
55,9/4/24,7524740,7277541
81,9/3/24,363093,382417
51,9/3/24,1231466,1349957
26,9/3/24,1166862.27,1212068
113,9/3/24,3168448,3079314
51,9/3/24,1231466,1349957
51,9/3/24,1231466,1349957
22,9/3/24,153658,96894
48,9/3/24,0,0
48,9/3/24,0,0
22,9/3/24,153658,96894
16,9/3/24,332039,357768
19,9/3/24,972081,3402826
107,9/3/24,19315435.84,18414144
113,9/3/24,3168448,3079314
26,9/3/24,1166862.27,1212068
110,9/3/24,120094,448985
22,9/3/24,153658,96894
56,9/3/24,7316251.54,7236655
26,9/3/24,1166862.27,1212068
19,9/3/24,972081,3402826
51,9/3/24,1231466,1349957
26,9/3/24,1166862.27,1212068
22,9/3/24,153658,96894
51,9/3/24,1231466,1349957
16,9/3/24,332039,357768
51,9/3/24,1231466,1349957
113,9/3/24,3168448,3079314
113,9/3/24,3168448,3079314
110,9/3/24,120094,448985
48,9/3/24,0,0
56,9/3/24,7316251.54,7236655
22,9/3/24,153658,96894
110,9/3/24,120094,448985
78,9/3/24,10255224.89,10130590
16,9/3/24,332039,357768
78,9/3/24,10255224.89,10130590
110,9/3/24,120094,448985
81,9/3/24,363093,382417
113,9/3/24,3168448,3079314
56,9/3/24,7316251.54,7236655
78,9/3/24,10255224.89,10130590
81,9/3/24,363093,382417
81,9/3/24,363093,382417
19,9/3/24,972081,3402826
110,9/3/24,120094,448985
81,9/3/24,363093,382417
22,9/3/24,153658,96894
19,9/3/24,972081,3402826
16,9/3/24,332039,357768
113,9/3/24,3168448,3079314
113,9/3/24,3168448,3079314
107,9/3/24,19315435.84,18414144
22,9/3/24,153658,96894
51,9/3/24,1231466,1349957
110,9/3/24,120094,448985
16,9/3/24,332039,357768
26,9/3/24,1166862.27,1212068
78,9/3/24,10255224.89,10130590
56,9/3/24,7316251.54,7236655
26,9/3/24,1166862.27,1212068
107,9/3/24,19315435.84,18414144
22,9/3/24,153658,96894
107,9/3/24,19315435.84,18414144
48,9/3/24,0,0
19,9/3/24,972081,3402826
107,9/3/24,19315435.84,18414144
19,9/3/24,972081,3402826
110,9/3/24,120094,448985
19,9/3/24,972081,3402826
51,9/3/24,1231466,1349957
16,9/3/24,332039,357768
78,9/3/24,10255224.89,10130590
16,9/3/24,332039,357768
19,9/3/24,972081,3402826
48,9/3/24,0,0
107,9/3/24,19315435.84,18414144
56,9/3/24,7316251.54,7236655
81,9/3/24,363093,382417
16,9/3/24,332039,357768
81,9/3/24,363093,382417
78,9/3/24,10255224.89,10130590
107,9/3/24,19315435.84,18414144
56,9/3/24,7316251.54,7236655
48,9/3/24,0,0
26,9/3/24,1166862.27,1212068
78,9/3/24,10255224.89,10130590
113,9/3/24,3168448,3079314
56,9/3/24,7316251.54,7236655
78,9/3/24,10255224.89,10130590
26,9/3/24,1166862.27,1212068
48,9/3/24,0,0
48,9/3/24,0,0
110,9/3/24,120094,448985
107,9/3/24,19315435.84,18414144
81,9/3/24,363093,382417
56,9/3/24,7316251.54,7236655
15,9/2/24,311334.8,303178
77,9/2/24,274782,915402
47,9/2/24,0,0
18,9/2/24,3511869.11,3521651
18,9/2/24,3511869.11,3521651
55,9/2/24,1136137,1115739
80,9/2/24,438846,466701
25,9/2/24,1168656,1157174
50,9/2/24,1271473,1211465
47,9/2/24,0,0
21,9/2/24,384144,1321582
18,9/2/24,3511869.11,3521651
80,9/2/24,438846,466701
77,9/2/24,274782,915402
25,9/2/24,1168656,1157174
109,9/2/24,461611.87,471603
80,9/2/24,438846,466701
47,9/2/24,0,0
77,9/2/24,274782,915402
50,9/2/24,1271473,1211465
50,9/2/24,1271473,1211465
47,9/2/24,0,0
109,9/2/24,461611.87,471603
18,9/2/24,3511869.11,3521651
80,9/2/24,438846,466701
112,9/2/24,228724,857398
18,9/2/24,3511869.11,3521651
21,9/2/24,384144,1321582
109,9/2/24,461611.87,471603
15,9/2/24,311334.8,303178
21,9/2/24,384144,1321582
106,9/2/24,18998621.98,18570281
15,9/2/24,311334.8,303178
55,9/2/24,1136137,1115739
55,9/2/24,1136137,1115739
109,9/2/24,461611.87,471603
77,9/2/24,274782,915402
25,9/2/24,1168656,1157174
50,9/2/24,1271473,1211465
80,9/2/24,438846,466701
50,9/2/24,1271473,1211465
77,9/2/24,274782,915402
47,9/2/24,0,0
18,9/2/24,3511869.11,3521651
21,9/2/24,384144,1321582
109,9/2/24,461611.87,471603
77,9/2/24,274782,915402
25,9/2/24,1168656,1157174
50,9/2/24,1271473,1211465
106,9/2/24,18998621.98,18570281
112,9/2/24,228724,857398
80,9/2/24,438846,466701
55,9/2/24,1136137,1115739
106,9/2/24,18998621.98,18570281
106,9/2/24,18998621.98,18570281
109,9/2/24,461611.87,471603
112,9/2/24,228724,857398
25,9/2/24,1168656,1157174
55,9/2/24,1136137,1115739
112,9/2/24,228724,857398
55,9/2/24,1136137,1115739
15,9/2/24,311334.8,303178
106,9/2/24,18998621.98,18570281
21,9/2/24,384144,1321582
112,9/2/24,228724,857398
15,9/2/24,311334.8,303178
47,9/2/24,0,0
25,9/2/24,1168656,1157174
15,9/2/24,311334.8,303178
80,9/2/24,438846,466701
109,9/2/24,461611.87,471603
25,9/2/24,1168656,1157174
15,9/2/24,311334.8,303178
18,9/2/24,3511869.11,3521651
55,9/2/24,1136137,1115739
80,9/2/24,438846,466701
55,9/2/24,1136137,1115739
25,9/2/24,1168656,1157174
21,9/2/24,384144,1321582
112,9/2/24,228724,857398
77,9/2/24,274782,915402
109,9/2/24,461611.87,471603
50,9/2/24,1271473,1211465
112,9/2/24,228724,857398
77,9/2/24,274782,915402
47,9/2/24,0,0
106,9/2/24,18998621.98,18570281
50,9/2/24,1271473,1211465
106,9/2/24,18998621.98,18570281
106,9/2/24,18998621.98,18570281
112,9/2/24,228724,857398
15,9/2/24,311334.8,303178
21,9/2/24,384144,1321582
47,9/2/24,0,0
18,9/2/24,3511869.11,3521651
21,9/2/24,384144,1321582
79,9/1/24,279141,854135
79,9/1/24,279141,854135
24,9/1/24,1757928,6552189
24,9/1/24,1757928,6552189
76,9/1/24,901079.51,900396
54,9/1/24,973874,4290328
76,9/1/24,901079.51,900396
20,9/1/24,1306567,1252012
20,9/1/24,1306567,1252012
20,9/1/24,1306567,1252012
76,9/1/24,901079.51,900396
79,9/1/24,279141,854135
76,9/1/24,901079.51,900396
20,9/1/24,1306567,1252012
79,9/1/24,279141,854135
17,9/1/24,3589738,3252876
79,9/1/24,279141,854135
54,9/1/24,973874,4290328
17,9/1/24,3589738,3252876
14,9/1/24,181763,724916
20,9/1/24,1306567,1252012
24,9/1/24,1757928,6552189
17,9/1/24,3589738,3252876
17,9/1/24,3589738,3252876
76,9/1/24,901079.51,900396
54,9/1/24,973874,4290328
14,9/1/24,181763,724916
76,9/1/24,901079.51,900396
14,9/1/24,181763,724916
24,9/1/24,1757928,6552189
24,9/1/24,1757928,6552189
14,9/1/24,181763,724916
14,9/1/24,181763,724916
79,9/1/24,279141,854135
24,9/1/24,1757928,6552189
54,9/1/24,973874,4290328
54,9/1/24,973874,4290328
24,9/1/24,1757928,6552189
24,9/1/24,1757928,6552189
17,9/1/24,3589738,3252876
14,9/1/24,181763,724916
54,9/1/24,973874,4290328
54,9/1/24,973874,4290328
79,9/1/24,279141,854135
20,9/1/24,1306567,1252012
76,9/1/24,901079.51,900396
79,9/1/24,279141,854135
76,9/1/24,901079.51,900396
17,9/1/24,3589738,3252876
14,9/1/24,181763,724916
14,9/1/24,181763,724916
17,9/1/24,3589738,3252876
20,9/1/24,1306567,1252012
17,9/1/24,3589738,3252876
20,9/1/24,1306567,1252012
54,9/1/24,973874,4290328
100,8/10/24,1740984,2158592
99,8/10/24,189224,925078
99,8/10/24,189224,925078
95,8/10/24,2227412.5,1965297
98,8/10/24,878459.95,860985
100,8/10/24,1740984,2158592
95,8/10/24,2227412.5,1965297
95,8/10/24,2227412.5,1965297
96,8/10/24,741358,2396869
95,8/10/24,2227412.5,1965297
98,8/10/24,878459.95,860985
97,8/10/24,907439,851019
98,8/10/24,878459.95,860985
98,8/10/24,878459.95,860985
98,8/10/24,878459.95,860985
97,8/10/24,907439,851019
99,8/10/24,189224,925078
100,8/10/24,1740984,2158592
100,8/10/24,1740984,2158592
98,8/10/24,878459.95,860985
96,8/10/24,741358,2396869
100,8/10/24,1740984,2158592
100,8/10/24,1740984,2158592
95,8/10/24,2227412.5,1965297
95,8/10/24,2227412.5,1965297
96,8/10/24,741358,2396869
96,8/10/24,741358,2396869
99,8/10/24,189224,925078
99,8/10/24,189224,925078
99,8/10/24,189224,925078
97,8/10/24,907439,851019
96,8/10/24,741358,2396869
96,8/10/24,741358,2396869
97,8/10/24,907439,851019
96,8/10/24,741358,2396869
97,8/10/24,907439,851019
100,8/10/24,1740984,2158592
95,8/10/24,2227412.5,1965297
97,8/10/24,907439,851019
97,8/10/24,907439,851019
98,8/10/24,878459.95,860985
99,8/10/24,189224,925078
96,8/10/24,741358,2396869
98,8/10/24,878459.95,860985
99,8/10/24,189224,925078
100,8/10/24,1740984,2158592
97,8/10/24,907439,851019
95,8/10/24,2227412.5,1965297
91,7/1/24,7402499,9989174
106,7/1/24,14252193,50898407
72,7/1/24,185482,690748
44,7/1/24,2705008,9440616
44,7/1/24,8800957,9050232
32,7/1/24,264703,850457
50,7/1/24,444203,423924
38,7/1/24,42070461,47004142
72,7/1/24,185482,690748
90,7/1/24,352705,930637
44,7/1/24,8800957,9050232
50,7/1/24,444203,423924
29,7/1/24,5082546,4491110
32,7/1/24,264703,850457
41,7/1/24,379050,1287971
90,7/1/24,352705,930637
81,7/1/24,3783210,13585261
81,7/1/24,3783210,13585261
44,7/1/24,2705008,9440616
106,7/1/24,14252193,50898407
84,7/1/24,241837,852852
106,7/1/24,14252193,50898407
109,7/1/24,9336012,44747875
88,7/1/24,1376556.77,1445262
91,7/1/24,7402499,9989174
94,7/1/24,538524,611386
47,7/1/24,1528843,1437240
44,7/1/24,8800957,9050232
109,7/1/24,9336012,44747875
54,7/1/24,126567,417563
50,7/1/24,444203,423924
106,7/1/24,14252193,50898407
41,7/1/24,379050,1287971
106,7/1/24,676738.88,663423
54,7/1/24,126567,417563
38,7/1/24,42070461,47004142
87,7/1/24,1467534,6596934
29,7/1/24,5082546,4491110
44,7/1/24,8800957,9050232
93,7/1/24,253918,958114
97,7/1/24,965316,3550000
54,7/1/24,126567,417563
103,7/1/24,1111730,896596
29,7/1/24,5082546,4491110
93,7/1/24,253918,958114
94,7/1/24,538524,611386
50,7/1/24,444203,423924
32,7/1/24,5372191.35,5260069
84,7/1/24,241837,852852
44,7/1/24,2705008,9440616
41,7/1/24,379050,1287971
91,7/1/24,7402499,9989174
66,7/1/24,327102,920127
44,7/1/24,2705008,9440616
41,7/1/24,379050,1287971
26,7/1/24,176408,496415
54,7/1/24,126567,417563
32,7/1/24,5372191.35,5260069
106,7/1/24,676738.88,663423
90,7/1/24,352705,930637
93,7/1/24,253918,958114
90,7/1/24,352705,930637
41,7/1/24,379050,1287971
26,7/1/24,176408,496415
38,7/1/24,42070461,47004142
81,7/1/24,3783210,13585261
47,7/1/24,1528843,1437240
93,7/1/24,253918,958114
26,7/1/24,176408,496415
44,7/1/24,2705008,9440616
72,7/1/24,185482,690748
81,7/1/24,3783210,13585261
32,7/1/24,5372191.35,5260069
88,7/1/24,1376556.77,1445262
44,7/1/24,8800957,9050232
72,7/1/24,185482,690748
72,7/1/24,185482,690748
87,7/1/24,1467534,6596934
32,7/1/24,264703,850457
44,7/1/24,2705008,9440616
93,7/1/24,253918,958114
50,7/1/24,444203,423924
26,7/1/24,176408,496415
26,7/1/24,176408,496415
35,7/1/24,764714,1050160
47,7/1/24,537449,527565
81,7/1/24,3783210,13585261
54,7/1/24,126567,417563
106,7/1/24,14252193,50898407
32,7/1/24,5372191.35,5260069
54,7/1/24,126567,417563
29,7/1/24,5082546,4491110
35,7/1/24,764714,1050160
35,7/1/24,764714,1050160
72,7/1/24,185482,690748
35,7/1/24,764714,1050160
29,7/1/24,5082546,4491110
32,7/1/24,264703,850457
97,7/1/24,965316,3550000
66,7/1/24,327102,920127
93,7/1/24,253918,958114
50,7/1/24,444203,423924
72,7/1/24,185482,690748
103,7/1/24,1111730,896596
90,7/1/24,352705,930637
35,7/1/24,764714,1050160
44,7/1/24,8800957,9050232
88,7/1/24,1376556.77,1445262
93,7/1/24,253918,958114
38,7/1/24,42070461,47004142
81,7/1/24,3783210,13585261
106,7/1/24,676738.88,663423
106,7/1/24,676738.88,663423
91,7/1/24,7402499,9989174
38,7/1/24,42070461,47004142
38,7/1/24,42070461,47004142
97,7/1/24,965316,3550000
97,7/1/24,965316,3550000
106,7/1/24,676738.88,663423
94,7/1/24,538524,611386
47,7/1/24,537449,527565
32,7/1/24,5372191.35,5260069
91,7/1/24,7402499,9989174
32,7/1/24,264703,850457
47,7/1/24,1528843,1437240
54,7/1/24,126567,417563
66,7/1/24,327102,920127
94,7/1/24,538524,611386
84,7/1/24,241837,852852
35,7/1/24,764714,1050160
93,7/1/24,253918,958114
106,7/1/24,14252193,50898407
84,7/1/24,241837,852852
88,7/1/24,1376556.77,1445262
88,7/1/24,1376556.77,1445262
32,7/1/24,5372191.35,5260069
97,7/1/24,965316,3550000
47,7/1/24,537449,527565
66,7/1/24,327102,920127
90,7/1/24,352705,930637
29,7/1/24,5082546,4491110
29,7/1/24,5082546,4491110
50,7/1/24,444203,423924
47,7/1/24,537449,527565
50,7/1/24,444203,423924
35,7/1/24,764714,1050160
47,7/1/24,537449,527565
47,7/1/24,1528843,1437240
84,7/1/24,241837,852852
88,7/1/24,1376556.77,1445262
66,7/1/24,327102,920127
87,7/1/24,1467534,6596934
47,7/1/24,537449,527565
103,7/1/24,1111730,896596
88,7/1/24,1376556.77,1445262
44,7/1/24,8800957,9050232
44,7/1/24,2705008,9440616
103,7/1/24,1111730,896596
47,7/1/24,537449,527565
109,7/1/24,9336012,44747875
94,7/1/24,538524,611386
90,7/1/24,352705,930637
91,7/1/24,7402499,9989174
32,7/1/24,264703,850457
29,7/1/24,5082546,4491110
35,7/1/24,764714,1050160
94,7/1/24,538524,611386
94,7/1/24,538524,611386
47,7/1/24,1528843,1437240
32,7/1/24,5372191.35,5260069
47,7/1/24,1528843,1437240
109,7/1/24,9336012,44747875
91,7/1/24,7402499,9989174
47,7/1/24,537449,527565
32,7/1/24,264703,850457
72,7/1/24,185482,690748
106,7/1/24,676738.88,663423
103,7/1/24,1111730,896596
41,7/1/24,379050,1287971
47,7/1/24,1528843,1437240
41,7/1/24,379050,1287971
109,7/1/24,9336012,44747875
26,7/1/24,176408,496415
84,7/1/24,241837,852852
38,7/1/24,42070461,47004142
103,7/1/24,1111730,896596
106,7/1/24,676738.88,663423
87,7/1/24,1467534,6596934
87,7/1/24,1467534,6596934
87,7/1/24,1467534,6596934
84,7/1/24,241837,852852
41,7/1/24,379050,1287971
81,7/1/24,3783210,13585261
97,7/1/24,965316,3550000
66,7/1/24,327102,920127
91,7/1/24,7402499,9989174
84,7/1/24,241837,852852
109,7/1/24,9336012,44747875
87,7/1/24,1467534,6596934
109,7/1/24,9336012,44747875
26,7/1/24,176408,496415
32,7/1/24,5372191.35,5260069
103,7/1/24,1111730,896596
54,7/1/24,126567,417563
44,7/1/24,8800957,9050232
109,7/1/24,9336012,44747875
87,7/1/24,1467534,6596934
106,7/1/24,14252193,50898407
26,7/1/24,176408,496415
44,7/1/24,2705008,9440616
106,7/1/24,14252193,50898407
66,7/1/24,327102,920127
106,7/1/24,676738.88,663423
66,7/1/24,327102,920127
32,7/1/24,264703,850457
81,7/1/24,3783210,13585261
47,7/1/24,1528843,1437240
97,7/1/24,965316,3550000
103,7/1/24,1111730,896596
88,7/1/24,1376556.77,1445262
90,7/1/24,352705,930637
38,7/1/24,42070461,47004142
94,7/1/24,538524,611386
97,7/1/24,965316,3550000
97,6/4/24,290318,271087
98,6/4/24,128279,330966
100,6/4/24,193844,727561
78,6/4/24,318589,1268539
43,6/4/24,901439,825475
40,6/4/24,195240,736147
98,6/4/24,128279,330966
44,6/4/24,897750.8,895012
102,6/4/24,288532.23,295242
100,6/4/24,5879891.96,5689997
76,6/4/24,1044342,1016749
39,6/4/24,543285.44,537314
76,6/4/24,1044342,1016749
38,6/4/24,154617,658486
97,6/4/24,290318,271087
99,6/4/24,4107855,3687400
37,6/4/24,616663,543837
44,6/4/24,897750.8,895012
101,6/4/24,261589,278640
43,6/4/24,901439,825475
76,6/4/24,1044342,1016749
36,6/4/24,764954,753219
38,6/4/24,560032,527053
41,6/4/24,390394,415704
41,6/4/24,6299585.58,6156450
103,6/4/24,66048,243261
98,6/4/24,128279,330966
39,6/4/24,543285.44,537314
101,6/4/24,261589,278640
41,6/4/24,6299585.58,6156450
36,6/4/24,764954,753219
36,6/4/24,764954,753219
101,6/4/24,261589,278640
78,6/4/24,318589,1268539
38,6/4/24,560032,527053
98,6/4/24,128279,330966
39,6/4/24,543285.44,537314
40,6/4/24,195240,736147
103,6/4/24,66048,243261
40,6/4/24,195240,736147
103,6/4/24,66048,243261
35,6/4/24,184554,705392
42,6/4/24,1844935,7182424
36,6/4/24,764954,753219
99,6/4/24,4107855,3687400
75,6/4/24,79190,237757
41,6/4/24,390394,415704
98,6/4/24,128279,330966
38,6/4/24,154617,658486
77,6/4/24,1225662.04,1114969
36,6/4/24,764954,753219
43,6/4/24,901439,825475
78,6/4/24,318589,1268539
37,6/4/24,616663,543837
98,6/4/24,128279,330966
44,6/4/24,897750.8,895012
41,6/4/24,6299585.58,6156450
35,6/4/24,184554,705392
98,6/4/24,128279,330966
100,6/4/24,193844,727561
35,6/4/24,184554,705392
39,6/4/24,543285.44,537314
38,6/4/24,154617,658486
97,6/4/24,290318,271087
42,6/4/24,1844935,7182424
43,6/4/24,901439,825475
99,6/4/24,4107855,3687400
38,6/4/24,154617,658486
39,6/4/24,543285.44,537314
37,6/4/24,616663,543837
100,6/4/24,193844,727561
41,6/4/24,6299585.58,6156450
75,6/4/24,79190,237757
37,6/4/24,616663,543837
41,6/4/24,390394,415704
97,6/4/24,290318,271087
39,6/4/24,543285.44,537314
76,6/4/24,1044342,1016749
38,6/4/24,154617,658486
40,6/4/24,195240,736147
44,6/4/24,897750.8,895012
75,6/4/24,79190,237757
77,6/4/24,1225662.04,1114969
42,6/4/24,1844935,7182424
78,6/4/24,318589,1268539
44,6/4/24,897750.8,895012
98,6/4/24,128279,330966
100,6/4/24,5879891.96,5689997
100,6/4/24,193844,727561
97,6/4/24,290318,271087
100,6/4/24,193844,727561
76,6/4/24,1044342,1016749
100,6/4/24,193844,727561
76,6/4/24,1044342,1016749
99,6/4/24,4107855,3687400
38,6/4/24,560032,527053
77,6/4/24,1225662.04,1114969
103,6/4/24,66048,243261
39,6/4/24,543285.44,537314
41,6/4/24,6299585.58,6156450
35,6/4/24,184554,705392
37,6/4/24,616663,543837
102,6/4/24,288532.23,295242
40,6/4/24,195240,736147
41,6/4/24,6299585.58,6156450
42,6/4/24,1844935,7182424
99,6/4/24,4107855,3687400
100,6/4/24,5879891.96,5689997
102,6/4/24,288532.23,295242
37,6/4/24,616663,543837
76,6/4/24,1044342,1016749
103,6/4/24,66048,243261
75,6/4/24,79190,237757
38,6/4/24,560032,527053
35,6/4/24,184554,705392
97,6/4/24,290318,271087
42,6/4/24,1844935,7182424
43,6/4/24,901439,825475
76,6/4/24,1044342,1016749
103,6/4/24,66048,243261
38,6/4/24,560032,527053
77,6/4/24,1225662.04,1114969
38,6/4/24,154617,658486
78,6/4/24,318589,1268539
41,6/4/24,390394,415704
36,6/4/24,764954,753219
77,6/4/24,1225662.04,1114969
41,6/4/24,6299585.58,6156450
38,6/4/24,560032,527053
42,6/4/24,1844935,7182424
101,6/4/24,261589,278640
38,6/4/24,154617,658486
36,6/4/24,764954,753219
100,6/4/24,193844,727561
43,6/4/24,901439,825475
100,6/4/24,193844,727561
77,6/4/24,1225662.04,1114969
99,6/4/24,4107855,3687400
77,6/4/24,1225662.04,1114969
38,6/4/24,154617,658486
77,6/4/24,1225662.04,1114969
42,6/4/24,1844935,7182424
35,6/4/24,184554,705392
97,6/4/24,290318,271087
78,6/4/24,318589,1268539
101,6/4/24,261589,278640
78,6/4/24,318589,1268539
102,6/4/24,288532.23,295242
43,6/4/24,901439,825475
38,6/4/24,560032,527053
44,6/4/24,897750.8,895012
41,6/4/24,390394,415704
103,6/4/24,66048,243261
39,6/4/24,543285.44,537314
97,6/4/24,290318,271087
40,6/4/24,195240,736147
75,6/4/24,79190,237757
38,6/4/24,560032,527053
101,6/4/24,261589,278640
44,6/4/24,897750.8,895012
101,6/4/24,261589,278640
100,6/4/24,5879891.96,5689997
41,6/4/24,390394,415704
35,6/4/24,184554,705392
37,6/4/24,616663,543837
99,6/4/24,4107855,3687400
100,6/4/24,5879891.96,5689997
101,6/4/24,261589,278640
41,6/4/24,390394,415704
42,6/4/24,1844935,7182424
99,6/4/24,4107855,3687400
36,6/4/24,764954,753219
100,6/4/24,5879891.96,5689997
40,6/4/24,195240,736147
75,6/4/24,79190,237757
78,6/4/24,318589,1268539
44,6/4/24,897750.8,895012
103,6/4/24,66048,243261
75,6/4/24,79190,237757
102,6/4/24,288532.23,295242
41,6/4/24,6299585.58,6156450
37,6/4/24,616663,543837
102,6/4/24,288532.23,295242
41,6/4/24,390394,415704
100,6/4/24,5879891.96,5689997
102,6/4/24,288532.23,295242
35,6/4/24,184554,705392
102,6/4/24,288532.23,295242
43,6/4/24,901439,825475
75,6/4/24,79190,237757
40,6/4/24,195240,736147
100,6/4/24,5879891.96,5689997
19,6/1/24,1204213,1038218
75,6/1/24,916309,909950
53,6/1/24,3956107.82,3782193
75,6/1/24,916309,909950
53,6/1/24,3956107.82,3782193
13,6/1/24,485823,507957
75,6/1/24,916309,909950
78,6/1/24,877473.24,954470
78,6/1/24,877473.24,954470
16,6/1/24,143835,655477
53,6/1/24,3956107.82,3782193
13,6/1/24,485823,507957
78,6/1/24,877473.24,954470
75,6/1/24,916309,909950
75,6/1/24,916309,909950
16,6/1/24,143835,655477
23,6/1/24,5686186.69,5590990
23,6/1/24,5686186.69,5590990
13,6/1/24,485823,507957
78,6/1/24,877473.24,954470
53,6/1/24,3956107.82,3782193
13,6/1/24,485823,507957
19,6/1/24,1204213,1038218
19,6/1/24,1204213,1038218
75,6/1/24,916309,909950
16,6/1/24,143835,655477
78,6/1/24,877473.24,954470
75,6/1/24,916309,909950
16,6/1/24,143835,655477
75,6/1/24,916309,909950
16,6/1/24,143835,655477
23,6/1/24,5686186.69,5590990
23,6/1/24,5686186.69,5590990
19,6/1/24,1204213,1038218
13,6/1/24,485823,507957
13,6/1/24,485823,507957
78,6/1/24,877473.24,954470
53,6/1/24,3956107.82,3782193
13,6/1/24,485823,507957
23,6/1/24,5686186.69,5590990
19,6/1/24,1204213,1038218
53,6/1/24,3956107.82,3782193
16,6/1/24,143835,655477
53,6/1/24,3956107.82,3782193
19,6/1/24,1204213,1038218
53,6/1/24,3956107.82,3782193
78,6/1/24,877473.24,954470
78,6/1/24,877473.24,954470
23,6/1/24,5686186.69,5590990
16,6/1/24,143835,655477
19,6/1/24,1204213,1038218
23,6/1/24,5686186.69,5590990
23,6/1/24,5686186.69,5590990
16,6/1/24,143835,655477
13,6/1/24,485823,507957
19,6/1/24,1204213,1038218
18,5/1/24,113350,375542
52,5/1/24,4670046,5206322
77,5/1/24,949546,900624
15,5/1/24,375786.6,348303
22,5/1/24,3553481.6,3424465
74,5/1/24,513305,1752965
52,5/1/24,4670046,5206322
74,5/1/24,513305,1752965
74,5/1/24,513305,1752965
77,5/1/24,949546,900624
22,5/1/24,3553481.6,3424465
12,5/1/24,502681.96,507788
22,5/1/24,3553481.6,3424465
18,5/1/24,113350,375542
77,5/1/24,949546,900624
15,5/1/24,375786.6,348303
74,5/1/24,513305,1752965
18,5/1/24,113350,375542
12,5/1/24,502681.96,507788
15,5/1/24,375786.6,348303
77,5/1/24,949546,900624
52,5/1/24,4670046,5206322
12,5/1/24,502681.96,507788
22,5/1/24,3553481.6,3424465
12,5/1/24,502681.96,507788
18,5/1/24,113350,375542
15,5/1/24,375786.6,348303
77,5/1/24,949546,900624
52,5/1/24,4670046,5206322
22,5/1/24,3553481.6,3424465
77,5/1/24,949546,900624
15,5/1/24,375786.6,348303
18,5/1/24,113350,375542
74,5/1/24,513305,1752965
52,5/1/24,4670046,5206322
74,5/1/24,513305,1752965
52,5/1/24,4670046,5206322
22,5/1/24,3553481.6,3424465
18,5/1/24,113350,375542
12,5/1/24,502681.96,507788
15,5/1/24,375786.6,348303
22,5/1/24,3553481.6,3424465
52,5/1/24,4670046,5206322
18,5/1/24,113350,375542
18,5/1/24,113350,375542
15,5/1/24,375786.6,348303
22,5/1/24,3553481.6,3424465
52,5/1/24,4670046,5206322
77,5/1/24,949546,900624
15,5/1/24,375786.6,348303
74,5/1/24,513305,1752965
12,5/1/24,502681.96,507788
12,5/1/24,502681.96,507788
77,5/1/24,949546,900624
12,5/1/24,502681.96,507788
74,5/1/24,513305,1752965
105,4/5/24,190635,554268
105,4/5/24,190635,554268
105,4/5/24,190635,554268
105,4/5/24,190635,554268
105,4/5/24,190635,554268
105,4/5/24,190635,554268
105,4/5/24,190635,554268
105,4/5/24,190635,554268
104,4/4/24,548420.47,586884
104,4/4/24,548420.47,586884
104,4/4/24,548420.47,586884
104,4/4/24,548420.47,586884
104,4/4/24,548420.47,586884
104,4/4/24,548420.47,586884
104,4/4/24,548420.47,586884
104,4/4/24,548420.47,586884
103,4/3/24,613117,555197
103,4/3/24,613117,555197
103,4/3/24,613117,555197
103,4/3/24,613117,555197
103,4/3/24,613117,555197
103,4/3/24,613117,555197
103,4/3/24,613117,555197
103,4/3/24,613117,555197
102,4/2/24,667470,2184182
102,4/2/24,667470,2184182
102,4/2/24,667470,2184182
102,4/2/24,667470,2184182
102,4/2/24,667470,2184182
102,4/2/24,667470,2184182
102,4/2/24,667470,2184182
102,4/2/24,667470,2184182
90,4/1/24,9560810,5859915
83,4/1/24,797039,915459
31,4/1/24,4262560,3961699
101,4/1/24,2048484.28,1763389
49,4/1/24,138840,587623
111,4/1/24,780819.8,791564
86,4/1/24,6066873.24,6060633
83,4/1/24,797039,915459
40,4/1/24,1207152.48,1122313
105,4/1/24,39470925.71,42025472
53,4/1/24,384312.94,388280
49,4/1/24,433955,380594
87,4/1/24,1006537,1071177
46,4/1/24,0,0
86,4/1/24,6066873.24,6060633
43,4/1/24,104844,411135
99,4/1/24,672874,753264
37,4/1/24,168631,835264
105,4/1/24,39470925.71,42025472
25,4/1/24,481613.19,531167
65,4/1/24,279347,419830
31,4/1/24,4262560,3961699
52,4/1/24,395774,387944
99,4/1/24,672874,753264
111,4/1/24,780819.8,791564
52,4/1/24,395774,387944
102,4/1/24,942379.61,900177
65,4/1/24,279347,419830
102,4/1/24,942379.61,900177
53,4/1/24,384312.94,388280
105,4/1/24,39470925.71,42025472
49,4/1/24,138840,587623
86,4/1/24,6066873.24,6060633
92,4/1/24,945451.21,952526
46,4/1/24,1533347,777545
37,4/1/24,168631,835264
46,4/1/24,1533347,777545
28,4/1/24,415621,1061891
111,4/1/24,780819.8,791564
74,4/1/24,228017,342331
34,4/1/24,610326,637314
74,4/1/24,228017,342331
28,4/1/24,415621,1061891
31,4/1/24,4262560,3961699
53,4/1/24,384312.94,388280
74,4/1/24,228017,342331
46,4/1/24,2655711,8881858
49,4/1/24,138840,587623
46,4/1/24,0,0
46,4/1/24,2655711,8881858
89,4/1/24,843513.75,1089354
46,4/1/24,0,0
31,4/1/24,4262560,3961699
83,4/1/24,797039,915459
108,4/1/24,480219,454871
108,4/1/24,480219,454871
46,4/1/24,0,0
40,4/1/24,4767302,4691635
96,4/1/24,236564,239634
43,4/1/24,104844,411135
80,4/1/24,12926074.27,12832539
40,4/1/24,4767302,4691635
28,4/1/24,415621,1061891
28,4/1/24,415621,1061891
83,4/1/24,797039,915459
28,4/1/24,415621,1061891
108,4/1/24,36743632,37163361
108,4/1/24,36743632,37163361
101,4/1/24,2048484.28,1763389
40,4/1/24,1207152.48,1122313
49,4/1/24,138840,587623
40,4/1/24,4767302,4691635
92,4/1/24,945451.21,952526
105,4/1/24,647632,617047
46,4/1/24,2655711,8881858
87,4/1/24,1006537,1071177
28,4/1/24,415621,1061891
108,4/1/24,480219,454871
46,4/1/24,1533347,777545
25,4/1/24,481613.19,531167
86,4/1/24,6066873.24,6060633
111,4/1/24,780819.8,791564
105,4/1/24,647632,617047
28,4/1/24,415621,1061891
101,4/1/24,2048484.28,1763389
31,4/1/24,4262560,3961699
89,4/1/24,843513.75,1089354
101,4/1/24,2048484.28,1763389
53,4/1/24,384312.94,388280
49,4/1/24,433955,380594
90,4/1/24,9560810,5859915
40,4/1/24,1207152.48,1122313
40,4/1/24,4767302,4691635
105,4/1/24,39470925.71,42025472
80,4/1/24,12926074.27,12832539
96,4/1/24,236564,239634
102,4/1/24,942379.61,900177
34,4/1/24,610326,637314
96,4/1/24,236564,239634
46,4/1/24,0,0
105,4/1/24,39470925.71,42025472
37,4/1/24,168631,835264
46,4/1/24,0,0
80,4/1/24,12926074.27,12832539
83,4/1/24,797039,915459
65,4/1/24,279347,419830
46,4/1/24,0,0
90,4/1/24,9560810,5859915
53,4/1/24,384312.94,388280
74,4/1/24,228017,342331
43,4/1/24,104844,411135
40,4/1/24,4767302,4691635
46,4/1/24,2655711,8881858
65,4/1/24,279347,419830
49,4/1/24,138840,587623
87,4/1/24,1006537,1071177
52,4/1/24,395774,387944
105,4/1/24,39470925.71,42025472
43,4/1/24,8670721.43,7938790
49,4/1/24,138840,587623
40,4/1/24,1207152.48,1122313
43,4/1/24,8670721.43,7938790
49,4/1/24,433955,380594
74,4/1/24,228017,342331
87,4/1/24,1006537,1071177
99,4/1/24,672874,753264
43,4/1/24,104844,411135
34,4/1/24,610326,637314
111,4/1/24,780819.8,791564
101,4/1/24,2048484.28,1763389
49,4/1/24,433955,380594
46,4/1/24,1533347,777545
105,4/1/24,647632,617047
105,4/1/24,647632,617047
96,4/1/24,236564,239634
40,4/1/24,1207152.48,1122313
37,4/1/24,168631,835264
108,4/1/24,36743632,37163361
25,4/1/24,481613.19,531167
105,4/1/24,647632,617047
46,4/1/24,2655711,8881858
40,4/1/24,4767302,4691635
89,4/1/24,843513.75,1089354
40,4/1/24,4767302,4691635
49,4/1/24,433955,380594
43,4/1/24,8670721.43,7938790
101,4/1/24,2048484.28,1763389
80,4/1/24,12926074.27,12832539
65,4/1/24,279347,419830
34,4/1/24,610326,637314
53,4/1/24,384312.94,388280
89,4/1/24,843513.75,1089354
80,4/1/24,12926074.27,12832539
52,4/1/24,395774,387944
108,4/1/24,36743632,37163361
108,4/1/24,480219,454871
28,4/1/24,415621,1061891
46,4/1/24,2655711,8881858
87,4/1/24,1006537,1071177
99,4/1/24,672874,753264
46,4/1/24,2655711,8881858
108,4/1/24,36743632,37163361
83,4/1/24,797039,915459
108,4/1/24,480219,454871
86,4/1/24,6066873.24,6060633
99,4/1/24,672874,753264
96,4/1/24,236564,239634
99,4/1/24,672874,753264
37,4/1/24,168631,835264
46,4/1/24,1533347,777545
92,4/1/24,945451.21,952526
74,4/1/24,228017,342331
108,4/1/24,480219,454871
83,4/1/24,797039,915459
31,4/1/24,4262560,3961699
96,4/1/24,236564,239634
25,4/1/24,481613.19,531167
90,4/1/24,9560810,5859915
87,4/1/24,1006537,1071177
74,4/1/24,228017,342331
89,4/1/24,843513.75,1089354
25,4/1/24,481613.19,531167
34,4/1/24,610326,637314
43,4/1/24,8670721.43,7938790
52,4/1/24,395774,387944
108,4/1/24,480219,454871
102,4/1/24,942379.61,900177
99,4/1/24,672874,753264
43,4/1/24,104844,411135
89,4/1/24,843513.75,1089354
102,4/1/24,942379.61,900177
108,4/1/24,480219,454871
49,4/1/24,138840,587623
102,4/1/24,942379.61,900177
90,4/1/24,9560810,5859915
111,4/1/24,780819.8,791564
52,4/1/24,395774,387944
49,4/1/24,433955,380594
43,4/1/24,104844,411135
105,4/1/24,39470925.71,42025472
92,4/1/24,945451.21,952526
101,4/1/24,2048484.28,1763389
34,4/1/24,610326,637314
25,4/1/24,481613.19,531167
96,4/1/24,236564,239634
87,4/1/24,1006537,1071177
49,4/1/24,433955,380594
31,4/1/24,4262560,3961699
80,4/1/24,12926074.27,12832539
43,4/1/24,8670721.43,7938790
40,4/1/24,4767302,4691635
65,4/1/24,279347,419830
40,4/1/24,1207152.48,1122313
105,4/1/24,647632,617047
89,4/1/24,843513.75,1089354
99,4/1/24,672874,753264
92,4/1/24,945451.21,952526
46,4/1/24,0,0
90,4/1/24,9560810,5859915
80,4/1/24,12926074.27,12832539
111,4/1/24,780819.8,791564
92,4/1/24,945451.21,952526
43,4/1/24,8670721.43,7938790
105,4/1/24,39470925.71,42025472
46,4/1/24,1533347,777545
37,4/1/24,168631,835264
102,4/1/24,942379.61,900177
108,4/1/24,36743632,37163361
108,4/1/24,36743632,37163361
43,4/1/24,8670721.43,7938790
52,4/1/24,395774,387944
65,4/1/24,279347,419830
86,4/1/24,6066873.24,6060633
31,4/1/24,4262560,3961699
74,4/1/24,228017,342331
65,4/1/24,279347,419830
53,4/1/24,384312.94,388280
89,4/1/24,843513.75,1089354
111,4/1/24,780819.8,791564
86,4/1/24,6066873.24,6060633
80,4/1/24,12926074.27,12832539
96,4/1/24,236564,239634
87,4/1/24,1006537,1071177
46,4/1/24,1533347,777545
40,4/1/24,1207152.48,1122313
92,4/1/24,945451.21,952526
90,4/1/24,9560810,5859915
43,4/1/24,104844,411135
83,4/1/24,797039,915459
34,4/1/24,610326,637314
46,4/1/24,1533347,777545
108,4/1/24,36743632,37163361
40,4/1/24,1207152.48,1122313
92,4/1/24,945451.21,952526
49,4/1/24,138840,587623
25,4/1/24,481613.19,531167
102,4/1/24,942379.61,900177
90,4/1/24,9560810,5859915
105,4/1/24,647632,617047
37,4/1/24,168631,835264
49,4/1/24,433955,380594
53,4/1/24,384312.94,388280
105,4/1/24,647632,617047
86,4/1/24,6066873.24,6060633
46,4/1/24,2655711,8881858
52,4/1/24,395774,387944
43,4/1/24,8670721.43,7938790
43,4/1/24,104844,411135
37,4/1/24,168631,835264
25,4/1/24,481613.19,531167
34,4/1/24,610326,637314
101,4/1/24,2048484.28,1763389
69,3/5/24,537104,536224
13,3/5/24,1101540,1131645
47,3/5/24,1260812.84,1259640
7,3/5/24,0,0
47,3/5/24,1260812.84,1259640
17,3/5/24,2783800,2435942
7,3/5/24,0,0
69,3/5/24,537104,536224
10,3/5/24,9909201,35222789
69,3/5/24,537104,536224
69,3/5/24,537104,536224
7,3/5/24,0,0
10,3/5/24,9909201,35222789
72,3/5/24,721091.51,701262
7,3/5/24,0,0
47,3/5/24,1260812.84,1259640
13,3/5/24,1101540,1131645
72,3/5/24,721091.51,701262
47,3/5/24,1260812.84,1259640
72,3/5/24,721091.51,701262
47,3/5/24,1260812.84,1259640
10,3/5/24,9909201,35222789
72,3/5/24,721091.51,701262
10,3/5/24,9909201,35222789
13,3/5/24,1101540,1131645
10,3/5/24,9909201,35222789
17,3/5/24,2783800,2435942
47,3/5/24,1260812.84,1259640
72,3/5/24,721091.51,701262
13,3/5/24,1101540,1131645
17,3/5/24,2783800,2435942
47,3/5/24,1260812.84,1259640
69,3/5/24,537104,536224
47,3/5/24,1260812.84,1259640
13,3/5/24,1101540,1131645
72,3/5/24,721091.51,701262
7,3/5/24,0,0
17,3/5/24,2783800,2435942
7,3/5/24,0,0
13,3/5/24,1101540,1131645
17,3/5/24,2783800,2435942
17,3/5/24,2783800,2435942
72,3/5/24,721091.51,701262
10,3/5/24,9909201,35222789
17,3/5/24,2783800,2435942
13,3/5/24,1101540,1131645
7,3/5/24,0,0
10,3/5/24,9909201,35222789
69,3/5/24,537104,536224
69,3/5/24,537104,536224
69,3/5/24,537104,536224
10,3/5/24,9909201,35222789
7,3/5/24,0,0
13,3/5/24,1101540,1131645
17,3/5/24,2783800,2435942
72,3/5/24,721091.51,701262
9,3/4/24,21537043,33301790
71,3/4/24,677530,710060
71,3/4/24,677530,710060
12,3/4/24,1177116,5064123
9,3/4/24,21537043,33301790
12,3/4/24,1177116,5064123
16,3/4/24,2479020,1963067
9,3/4/24,21537043,33301790
6,3/4/24,0,0
6,3/4/24,0,0
16,3/4/24,2479020,1963067
9,3/4/24,21537043,33301790
71,3/4/24,677530,710060
12,3/4/24,1177116,5064123
12,3/4/24,1177116,5064123
6,3/4/24,0,0
46,3/4/24,1122219,1235900
6,3/4/24,0,0
16,3/4/24,2479020,1963067
46,3/4/24,1122219,1235900
46,3/4/24,1122219,1235900
68,3/4/24,470830,1659788
9,3/4/24,21537043,33301790
68,3/4/24,470830,1659788
16,3/4/24,2479020,1963067
68,3/4/24,470830,1659788
6,3/4/24,0,0
9,3/4/24,21537043,33301790
16,3/4/24,2479020,1963067
68,3/4/24,470830,1659788
46,3/4/24,1122219,1235900
16,3/4/24,2479020,1963067
12,3/4/24,1177116,5064123
16,3/4/24,2479020,1963067
12,3/4/24,1177116,5064123
71,3/4/24,677530,710060
46,3/4/24,1122219,1235900
46,3/4/24,1122219,1235900
9,3/4/24,21537043,33301790
71,3/4/24,677530,710060
16,3/4/24,2479020,1963067
12,3/4/24,1177116,5064123
71,3/4/24,677530,710060
68,3/4/24,470830,1659788
12,3/4/24,1177116,5064123
6,3/4/24,0,0
6,3/4/24,0,0
68,3/4/24,470830,1659788
68,3/4/24,470830,1659788
71,3/4/24,677530,710060
71,3/4/24,677530,710060
68,3/4/24,470830,1659788
6,3/4/24,0,0
46,3/4/24,1122219,1235900
46,3/4/24,1122219,1235900
9,3/4/24,21537043,33301790
67,3/3/24,1548834.89,1474208
45,3/3/24,324920,835569
11,3/3/24,4776786.55,4571133
15,3/3/24,314853,1276210
11,3/3/24,4776786.55,4571133
5,3/3/24,1544433,6688933
5,3/3/24,1544433,6688933
11,3/3/24,4776786.55,4571133
8,3/3/24,115257353,204087085
15,3/3/24,314853,1276210
70,3/3/24,142263,665198
67,3/3/24,1548834.89,1474208
67,3/3/24,1548834.89,1474208
5,3/3/24,1544433,6688933
15,3/3/24,314853,1276210
45,3/3/24,324920,835569
70,3/3/24,142263,665198
11,3/3/24,4776786.55,4571133
15,3/3/24,314853,1276210
45,3/3/24,324920,835569
70,3/3/24,142263,665198
67,3/3/24,1548834.89,1474208
70,3/3/24,142263,665198
15,3/3/24,314853,1276210
67,3/3/24,1548834.89,1474208
11,3/3/24,4776786.55,4571133
11,3/3/24,4776786.55,4571133
8,3/3/24,115257353,204087085
70,3/3/24,142263,665198
5,3/3/24,1544433,6688933
8,3/3/24,115257353,204087085
70,3/3/24,142263,665198
11,3/3/24,4776786.55,4571133
70,3/3/24,142263,665198
67,3/3/24,1548834.89,1474208
15,3/3/24,314853,1276210
5,3/3/24,1544433,6688933
45,3/3/24,324920,835569
15,3/3/24,314853,1276210
8,3/3/24,115257353,204087085
5,3/3/24,1544433,6688933
8,3/3/24,115257353,204087085
45,3/3/24,324920,835569
8,3/3/24,115257353,204087085
45,3/3/24,324920,835569
67,3/3/24,1548834.89,1474208
67,3/3/24,1548834.89,1474208
11,3/3/24,4776786.55,4571133
70,3/3/24,142263,665198
45,3/3/24,324920,835569
8,3/3/24,115257353,204087085
8,3/3/24,115257353,204087085
5,3/3/24,1544433,6688933
45,3/3/24,324920,835569
15,3/3/24,314853,1276210
5,3/3/24,1544433,6688933
14,3/2/24,1185229,1365045
7,3/2/24,410687,1447622
69,3/2/24,622592,583715
7,3/2/24,410687,1447622
10,3/2/24,5825031.74,5703057
4,3/2/24,6334234.75,5640516
4,3/2/24,6334234.75,5640516
66,3/2/24,1512734,1686880
4,3/2/24,6334234.75,5640516
66,3/2/24,1512734,1686880
69,3/2/24,622592,583715
14,3/2/24,1185229,1365045
10,3/2/24,5825031.74,5703057
4,3/2/24,6334234.75,5640516
10,3/2/24,5825031.74,5703057
66,3/2/24,1512734,1686880
7,3/2/24,410687,1447622
44,3/2/24,794040.07,937038
66,3/2/24,1512734,1686880
10,3/2/24,5825031.74,5703057
7,3/2/24,410687,1447622
69,3/2/24,622592,583715
44,3/2/24,794040.07,937038
66,3/2/24,1512734,1686880
4,3/2/24,6334234.75,5640516
14,3/2/24,1185229,1365045
69,3/2/24,622592,583715
14,3/2/24,1185229,1365045
14,3/2/24,1185229,1365045
4,3/2/24,6334234.75,5640516
10,3/2/24,5825031.74,5703057
7,3/2/24,410687,1447622
7,3/2/24,410687,1447622
14,3/2/24,1185229,1365045
69,3/2/24,622592,583715
44,3/2/24,794040.07,937038
66,3/2/24,1512734,1686880
7,3/2/24,410687,1447622
7,3/2/24,410687,1447622
4,3/2/24,6334234.75,5640516
69,3/2/24,622592,583715
66,3/2/24,1512734,1686880
4,3/2/24,6334234.75,5640516
69,3/2/24,622592,583715
44,3/2/24,794040.07,937038
14,3/2/24,1185229,1365045
10,3/2/24,5825031.74,5703057
44,3/2/24,794040.07,937038
66,3/2/24,1512734,1686880
14,3/2/24,1185229,1365045
44,3/2/24,794040.07,937038
44,3/2/24,794040.07,937038
44,3/2/24,794040.07,937038
10,3/2/24,5825031.74,5703057
69,3/2/24,622592,583715
10,3/2/24,5825031.74,5703057
68,3/1/24,882020,861765
6,3/1/24,1365457,1349860
65,3/1/24,0,0
13,3/1/24,1287966,1247824
9,3/1/24,483932,1714623
9,3/1/24,483932,1714623
9,3/1/24,483932,1714623
3,3/1/24,6223159.6,5535318
43,3/1/24,858028,879231
68,3/1/24,882020,861765
68,3/1/24,882020,861765
65,3/1/24,0,0
6,3/1/24,1365457,1349860
43,3/1/24,858028,879231
43,3/1/24,858028,879231
13,3/1/24,1287966,1247824
43,3/1/24,858028,879231
43,3/1/24,858028,879231
6,3/1/24,1365457,1349860
3,3/1/24,6223159.6,5535318
6,3/1/24,1365457,1349860
9,3/1/24,483932,1714623
6,3/1/24,1365457,1349860
13,3/1/24,1287966,1247824
9,3/1/24,483932,1714623
13,3/1/24,1287966,1247824
6,3/1/24,1365457,1349860
65,3/1/24,0,0
3,3/1/24,6223159.6,5535318
68,3/1/24,882020,861765
65,3/1/24,0,0
68,3/1/24,882020,861765
3,3/1/24,6223159.6,5535318
3,3/1/24,6223159.6,5535318
9,3/1/24,483932,1714623
65,3/1/24,0,0
13,3/1/24,1287966,1247824
13,3/1/24,1287966,1247824
13,3/1/24,1287966,1247824
9,3/1/24,483932,1714623
43,3/1/24,858028,879231
68,3/1/24,882020,861765
3,3/1/24,6223159.6,5535318
3,3/1/24,6223159.6,5535318
65,3/1/24,0,0
6,3/1/24,1365457,1349860
9,3/1/24,483932,1714623
68,3/1/24,882020,861765
43,3/1/24,858028,879231
68,3/1/24,882020,861765
65,3/1/24,0,0
6,3/1/24,1365457,1349860
13,3/1/24,1287966,1247824
65,3/1/24,0,0
3,3/1/24,6223159.6,5535318
43,3/1/24,858028,879231
62,2/6/24,943560,1008225
118,2/6/24,806203,693984
62,2/6/24,943560,1008225
62,2/6/24,943560,1008225
37,2/6/24,1423721,1551670
7,2/6/24,902773,974817
59,2/6/24,164509,508444
62,2/6/24,943560,1008225
3,2/6/24,3438078,13661793
7,2/6/24,902773,974817
37,2/6/24,1423721,1551670
7,2/6/24,902773,974817
121,2/6/24,390596.51,518395
121,2/6/24,390596.51,518395
7,2/6/24,902773,974817
62,2/6/24,943560,1008225
59,2/6/24,164509,508444
118,2/6/24,806203,693984
7,2/6/24,902773,974817
7,2/6/24,902773,974817
37,2/6/24,1423721,1551670
37,2/6/24,1423721,1551670
121,2/6/24,390596.51,518395
118,2/6/24,806203,693984
3,2/6/24,3438078,13661793
37,2/6/24,1423721,1551670
7,2/6/24,902773,974817
3,2/6/24,3438078,13661793
121,2/6/24,390596.51,518395
118,2/6/24,806203,693984
3,2/6/24,3438078,13661793
37,2/6/24,1423721,1551670
59,2/6/24,164509,508444
3,2/6/24,3438078,13661793
59,2/6/24,164509,508444
59,2/6/24,164509,508444
121,2/6/24,390596.51,518395
118,2/6/24,806203,693984
118,2/6/24,806203,693984
3,2/6/24,3438078,13661793
62,2/6/24,943560,1008225
118,2/6/24,806203,693984
7,2/6/24,902773,974817
121,2/6/24,390596.51,518395
62,2/6/24,943560,1008225
37,2/6/24,1423721,1551670
37,2/6/24,1423721,1551670
62,2/6/24,943560,1008225
59,2/6/24,164509,508444
59,2/6/24,164509,508444
3,2/6/24,3438078,13661793
59,2/6/24,164509,508444
121,2/6/24,390596.51,518395
3,2/6/24,3438078,13661793
121,2/6/24,390596.51,518395
118,2/6/24,806203,693984
2,2/5/24,12711542,13857466
58,2/5/24,591485,465642
120,2/5/24,579965,680345
2,2/5/24,12711542,13857466
61,2/5/24,94397,320475
61,2/5/24,94397,320475
120,2/5/24,579965,680345
58,2/5/24,591485,465642
36,2/5/24,262424,1876313
61,2/5/24,94397,320475
61,2/5/24,94397,320475
2,2/5/24,12711542,13857466
61,2/5/24,94397,320475
36,2/5/24,262424,1876313
58,2/5/24,591485,465642
58,2/5/24,591485,465642
61,2/5/24,94397,320475
117,2/5/24,108422,374169
120,2/5/24,579965,680345
117,2/5/24,108422,374169
58,2/5/24,591485,465642
120,2/5/24,579965,680345
36,2/5/24,262424,1876313
117,2/5/24,108422,374169
6,2/5/24,3774777,12112177
36,2/5/24,262424,1876313
117,2/5/24,108422,374169
2,2/5/24,12711542,13857466
6,2/5/24,3774777,12112177
120,2/5/24,579965,680345
6,2/5/24,3774777,12112177
61,2/5/24,94397,320475
6,2/5/24,3774777,12112177
120,2/5/24,579965,680345
36,2/5/24,262424,1876313
58,2/5/24,591485,465642
58,2/5/24,591485,465642
120,2/5/24,579965,680345
2,2/5/24,12711542,13857466
117,2/5/24,108422,374169
117,2/5/24,108422,374169
36,2/5/24,262424,1876313
6,2/5/24,3774777,12112177
6,2/5/24,3774777,12112177
117,2/5/24,108422,374169
36,2/5/24,262424,1876313
2,2/5/24,12711542,13857466
6,2/5/24,3774777,12112177
2,2/5/24,12711542,13857466
58,2/5/24,591485,465642
120,2/5/24,579965,680345
117,2/5/24,108422,374169
61,2/5/24,94397,320475
2,2/5/24,12711542,13857466
6,2/5/24,3774777,12112177
36,2/5/24,262424,1876313
60,2/4/24,315848.56,310596
5,2/4/24,11590582.48,11140274
5,2/4/24,11590582.48,11140274
60,2/4/24,315848.56,310596
5,2/4/24,11590582.48,11140274
35,2/4/24,679642,759153
35,2/4/24,679642,759153
60,2/4/24,315848.56,310596
60,2/4/24,315848.56,310596
116,2/4/24,379860.23,361998
119,2/4/24,285348,880696
1,2/4/24,13452352,12907696
1,2/4/24,13452352,12907696
35,2/4/24,679642,759153
1,2/4/24,13452352,12907696
116,2/4/24,379860.23,361998
119,2/4/24,285348,880696
57,2/4/24,689352,634289
57,2/4/24,689352,634289
1,2/4/24,13452352,12907696
5,2/4/24,11590582.48,11140274
35,2/4/24,679642,759153
35,2/4/24,679642,759153
60,2/4/24,315848.56,310596
1,2/4/24,13452352,12907696
57,2/4/24,689352,634289
60,2/4/24,315848.56,310596
57,2/4/24,689352,634289
60,2/4/24,315848.56,310596
5,2/4/24,11590582.48,11140274
116,2/4/24,379860.23,361998
1,2/4/24,13452352,12907696
119,2/4/24,285348,880696
5,2/4/24,11590582.48,11140274
119,2/4/24,285348,880696
116,2/4/24,379860.23,361998
57,2/4/24,689352,634289
1,2/4/24,13452352,12907696
116,2/4/24,379860.23,361998
116,2/4/24,379860.23,361998
119,2/4/24,285348,880696
5,2/4/24,11590582.48,11140274
57,2/4/24,689352,634289
5,2/4/24,11590582.48,11140274
119,2/4/24,285348,880696
119,2/4/24,285348,880696
35,2/4/24,679642,759153
116,2/4/24,379860.23,361998
60,2/4/24,315848.56,310596
116,2/4/24,379860.23,361998
57,2/4/24,689352,634289
57,2/4/24,689352,634289
119,2/4/24,285348,880696
35,2/4/24,679642,759153
1,2/4/24,13452352,12907696
35,2/4/24,679642,759153
115,2/3/24,354194,379360
121,2/3/24,74471,232469
56,2/3/24,43541,248790
59,2/3/24,290283,300012
4,2/3/24,10762060,10461809
121,2/3/24,74471,232469
115,2/3/24,354194,379360
121,2/3/24,74471,232469
56,2/3/24,43541,248790
34,2/3/24,557630,783253
34,2/3/24,557630,783253
59,2/3/24,290283,300012
56,2/3/24,43541,248790
56,2/3/24,43541,248790
4,2/3/24,10762060,10461809
115,2/3/24,354194,379360
34,2/3/24,557630,783253
34,2/3/24,557630,783253
4,2/3/24,10762060,10461809
121,2/3/24,74471,232469
115,2/3/24,354194,379360
59,2/3/24,290283,300012
4,2/3/24,10762060,10461809
56,2/3/24,43541,248790
56,2/3/24,43541,248790
121,2/3/24,74471,232469
59,2/3/24,290283,300012
121,2/3/24,74471,232469
56,2/3/24,43541,248790
118,2/3/24,919130.3,853998
118,2/3/24,919130.3,853998
118,2/3/24,919130.3,853998
4,2/3/24,10762060,10461809
115,2/3/24,354194,379360
4,2/3/24,10762060,10461809
59,2/3/24,290283,300012
59,2/3/24,290283,300012
59,2/3/24,290283,300012
34,2/3/24,557630,783253
34,2/3/24,557630,783253
118,2/3/24,919130.3,853998
115,2/3/24,354194,379360
115,2/3/24,354194,379360
118,2/3/24,919130.3,853998
121,2/3/24,74471,232469
118,2/3/24,919130.3,853998
56,2/3/24,43541,248790
4,2/3/24,10762060,10461809
4,2/3/24,10762060,10461809
59,2/3/24,290283,300012
118,2/3/24,919130.3,853998
118,2/3/24,919130.3,853998
34,2/3/24,557630,783253
121,2/3/24,74471,232469
34,2/3/24,557630,783253
115,2/3/24,354194,379360
120,2/2/24,213124.48,242063
33,2/2/24,433779,1256733
55,2/2/24,227219,136744
120,2/2/24,213124.48,242063
117,2/2/24,921312.69,954013
114,2/2/24,320817,1134833
114,2/2/24,320817,1134833
114,2/2/24,320817,1134833
3,2/2/24,574727,1767678
58,2/2/24,256014,761300
120,2/2/24,213124.48,242063
55,2/2/24,227219,136744
117,2/2/24,921312.69,954013
3,2/2/24,574727,1767678
117,2/2/24,921312.69,954013
55,2/2/24,227219,136744
120,2/2/24,213124.48,242063
55,2/2/24,227219,136744
33,2/2/24,433779,1256733
117,2/2/24,921312.69,954013
33,2/2/24,433779,1256733
58,2/2/24,256014,761300
114,2/2/24,320817,1134833
3,2/2/24,574727,1767678
33,2/2/24,433779,1256733
114,2/2/24,320817,1134833
117,2/2/24,921312.69,954013
33,2/2/24,433779,1256733
114,2/2/24,320817,1134833
117,2/2/24,921312.69,954013
55,2/2/24,227219,136744
58,2/2/24,256014,761300
58,2/2/24,256014,761300
120,2/2/24,213124.48,242063
3,2/2/24,574727,1767678
58,2/2/24,256014,761300
55,2/2/24,227219,136744
33,2/2/24,433779,1256733
58,2/2/24,256014,761300
3,2/2/24,574727,1767678
114,2/2/24,320817,1134833
55,2/2/24,227219,136744
3,2/2/24,574727,1767678
117,2/2/24,921312.69,954013
33,2/2/24,433779,1256733
55,2/2/24,227219,136744
117,2/2/24,921312.69,954013
33,2/2/24,433779,1256733
120,2/2/24,213124.48,242063
3,2/2/24,574727,1767678
120,2/2/24,213124.48,242063
58,2/2/24,256014,761300
58,2/2/24,256014,761300
3,2/2/24,574727,1767678
114,2/2/24,320817,1134833
120,2/2/24,213124.48,242063
32,2/1/24,1193512.23,1309448
2,2/1/24,1109710,1011726
32,2/1/24,1193512.23,1309448
54,2/1/24,209439,185013
57,2/1/24,748859,731967
119,2/1/24,260351,296717
2,2/1/24,1109710,1011726
2,2/1/24,1109710,1011726
116,2/1/24,552690,2108896
2,2/1/24,1109710,1011726
54,2/1/24,209439,185013
54,2/1/24,209439,185013
119,2/1/24,260351,296717
54,2/1/24,209439,185013
54,2/1/24,209439,185013
54,2/1/24,209439,185013
113,2/1/24,1081128.57,1033647
113,2/1/24,1081128.57,1033647
57,2/1/24,748859,731967
113,2/1/24,1081128.57,1033647
116,2/1/24,552690,2108896
116,2/1/24,552690,2108896
32,2/1/24,1193512.23,1309448
116,2/1/24,552690,2108896
54,2/1/24,209439,185013
57,2/1/24,748859,731967
54,2/1/24,209439,185013
2,2/1/24,1109710,1011726
113,2/1/24,1081128.57,1033647
113,2/1/24,1081128.57,1033647
119,2/1/24,260351,296717
113,2/1/24,1081128.57,1033647
116,2/1/24,552690,2108896
113,2/1/24,1081128.57,1033647
32,2/1/24,1193512.23,1309448
116,2/1/24,552690,2108896
116,2/1/24,552690,2108896
32,2/1/24,1193512.23,1309448
2,2/1/24,1109710,1011726
32,2/1/24,1193512.23,1309448
57,2/1/24,748859,731967
57,2/1/24,748859,731967
57,2/1/24,748859,731967
119,2/1/24,260351,296717
32,2/1/24,1193512.23,1309448
119,2/1/24,260351,296717
2,2/1/24,1109710,1011726
119,2/1/24,260351,296717
57,2/1/24,748859,731967
119,2/1/24,260351,296717
113,2/1/24,1081128.57,1033647
57,2/1/24,748859,731967
116,2/1/24,552690,2108896
2,2/1/24,1109710,1011726
32,2/1/24,1193512.23,1309448
119,2/1/24,260351,296717
73,1/21/24,1669172,1641530
14,1/21/24,1104799,1403773
76,1/21/24,298353,771508
17,1/21/24,291995,271736
76,1/21/24,298353,771508
51,1/21/24,575298,1756363
11,1/21/24,2208565,8637065
51,1/21/24,575298,1756363
11,1/21/24,2208565,8637065
17,1/21/24,291995,271736
17,1/21/24,291995,271736
76,1/21/24,298353,771508
14,1/21/24,1104799,1403773
11,1/21/24,2208565,8637065
21,1/21/24,454698,1587884
17,1/21/24,291995,271736
11,1/21/24,2208565,8637065
17,1/21/24,291995,271736
51,1/21/24,575298,1756363
76,1/21/24,298353,771508
76,1/21/24,298353,771508
73,1/21/24,1669172,1641530
14,1/21/24,1104799,1403773
21,1/21/24,454698,1587884
14,1/21/24,1104799,1403773
11,1/21/24,2208565,8637065
51,1/21/24,575298,1756363
21,1/21/24,454698,1587884
14,1/21/24,1104799,1403773
76,1/21/24,298353,771508
73,1/21/24,1669172,1641530
17,1/21/24,291995,271736
11,1/21/24,2208565,8637065
51,1/21/24,575298,1756363
51,1/21/24,575298,1756363
14,1/21/24,1104799,1403773
21,1/21/24,454698,1587884
51,1/21/24,575298,1756363
73,1/21/24,1669172,1641530
21,1/21/24,454698,1587884
73,1/21/24,1669172,1641530
17,1/21/24,291995,271736
14,1/21/24,1104799,1403773
73,1/21/24,1669172,1641530
11,1/21/24,2208565,8637065
21,1/21/24,454698,1587884
21,1/21/24,454698,1587884
76,1/21/24,298353,771508
73,1/21/24,1669172,1641530
21,1/21/24,454698,1587884
14,1/21/24,1104799,1403773
17,1/21/24,291995,271736
73,1/21/24,1669172,1641530
51,1/21/24,575298,1756363
11,1/21/24,2208565,8637065
76,1/21/24,298353,771508
16,1/20/24,357676,357636
20,1/20/24,1468441.31,1523733
13,1/20/24,11776396,55255350
75,1/20/24,784348.06,813041
50,1/20/24,1253777.3,1186598
20,1/20/24,1468441.31,1523733
50,1/20/24,1253777.3,1186598
50,1/20/24,1253777.3,1186598
16,1/20/24,357676,357636
75,1/20/24,784348.06,813041
16,1/20/24,357676,357636
75,1/20/24,784348.06,813041
75,1/20/24,784348.06,813041
20,1/20/24,1468441.31,1523733
75,1/20/24,784348.06,813041
16,1/20/24,357676,357636
20,1/20/24,1468441.31,1523733
13,1/20/24,11776396,55255350
13,1/20/24,11776396,55255350
50,1/20/24,1253777.3,1186598
10,1/20/24,8060710.05,8685302
50,1/20/24,1253777.3,1186598
10,1/20/24,8060710.05,8685302
10,1/20/24,8060710.05,8685302
20,1/20/24,1468441.31,1523733
72,1/20/24,1528323,1634183
10,1/20/24,8060710.05,8685302
16,1/20/24,357676,357636
50,1/20/24,1253777.3,1186598
13,1/20/24,11776396,55255350
13,1/20/24,11776396,55255350
13,1/20/24,11776396,55255350
10,1/20/24,8060710.05,8685302
50,1/20/24,1253777.3,1186598
75,1/20/24,784348.06,813041
13,1/20/24,11776396,55255350
72,1/20/24,1528323,1634183
72,1/20/24,1528323,1634183
10,1/20/24,8060710.05,8685302
50,1/20/24,1253777.3,1186598
20,1/20/24,1468441.31,1523733
20,1/20/24,1468441.31,1523733
10,1/20/24,8060710.05,8685302
72,1/20/24,1528323,1634183
72,1/20/24,1528323,1634183
72,1/20/24,1528323,1634183
72,1/20/24,1528323,1634183
75,1/20/24,784348.06,813041
13,1/20/24,11776396,55255350
72,1/20/24,1528323,1634183
75,1/20/24,784348.06,813041
16,1/20/24,357676,357636
10,1/20/24,8060710.05,8685302
16,1/20/24,357676,357636
16,1/20/24,357676,357636
20,1/20/24,1468441.31,1523733
49,1/19/24,1407417,1310442
12,1/19/24,46924814,44232227
71,1/19/24,118194,404148
12,1/19/24,46924814,44232227
71,1/19/24,118194,404148
19,1/19/24,1531197,1519892
9,1/19/24,8331489,7707708
9,1/19/24,8331489,7707708
49,1/19/24,1407417,1310442
15,1/19/24,335736,1285886
9,1/19/24,8331489,7707708
19,1/19/24,1531197,1519892
19,1/19/24,1531197,1519892
15,1/19/24,335736,1285886
15,1/19/24,335736,1285886
19,1/19/24,1531197,1519892
71,1/19/24,118194,404148
49,1/19/24,1407417,1310442
12,1/19/24,46924814,44232227
12,1/19/24,46924814,44232227
12,1/19/24,46924814,44232227
74,1/19/24,648063,575200
74,1/19/24,648063,575200
74,1/19/24,648063,575200
9,1/19/24,8331489,7707708
15,1/19/24,335736,1285886
9,1/19/24,8331489,7707708
15,1/19/24,335736,1285886
12,1/19/24,46924814,44232227
12,1/19/24,46924814,44232227
9,1/19/24,8331489,7707708
12,1/19/24,46924814,44232227
9,1/19/24,8331489,7707708
71,1/19/24,118194,404148
15,1/19/24,335736,1285886
15,1/19/24,335736,1285886
74,1/19/24,648063,575200
49,1/19/24,1407417,1310442
71,1/19/24,118194,404148
49,1/19/24,1407417,1310442
19,1/19/24,1531197,1519892
74,1/19/24,648063,575200
74,1/19/24,648063,575200
74,1/19/24,648063,575200
9,1/19/24,8331489,7707708
49,1/19/24,1407417,1310442
71,1/19/24,118194,404148
19,1/19/24,1531197,1519892
71,1/19/24,118194,404148
74,1/19/24,648063,575200
49,1/19/24,1407417,1310442
71,1/19/24,118194,404148
19,1/19/24,1531197,1519892
49,1/19/24,1407417,1310442
15,1/19/24,335736,1285886
19,1/19/24,1531197,1519892
70,1/18/24,320928.16,366139
18,1/18/24,730613,3005028
48,1/18/24,552382,1327085
14,1/18/24,1163411,1136463
11,1/18/24,37161155,45116336
73,1/18/24,225078,725854
8,1/18/24,0,0
18,1/18/24,730613,3005028
11,1/18/24,37161155,45116336
8,1/18/24,0,0
8,1/18/24,0,0
48,1/18/24,552382,1327085
8,1/18/24,0,0
70,1/18/24,320928.16,366139
14,1/18/24,1163411,1136463
14,1/18/24,1163411,1136463
73,1/18/24,225078,725854
73,1/18/24,225078,725854
11,1/18/24,37161155,45116336
70,1/18/24,320928.16,366139
18,1/18/24,730613,3005028
14,1/18/24,1163411,1136463
8,1/18/24,0,0
48,1/18/24,552382,1327085
18,1/18/24,730613,3005028
11,1/18/24,37161155,45116336
11,1/18/24,37161155,45116336
8,1/18/24,0,0
48,1/18/24,552382,1327085
11,1/18/24,37161155,45116336
70,1/18/24,320928.16,366139
70,1/18/24,320928.16,366139
14,1/18/24,1163411,1136463
70,1/18/24,320928.16,366139
48,1/18/24,552382,1327085
18,1/18/24,730613,3005028
70,1/18/24,320928.16,366139
18,1/18/24,730613,3005028
18,1/18/24,730613,3005028
8,1/18/24,0,0
73,1/18/24,225078,725854
14,1/18/24,1163411,1136463
14,1/18/24,1163411,1136463
73,1/18/24,225078,725854
14,1/18/24,1163411,1136463
11,1/18/24,37161155,45116336
73,1/18/24,225078,725854
48,1/18/24,552382,1327085
8,1/18/24,0,0
11,1/18/24,37161155,45116336
73,1/18/24,225078,725854
48,1/18/24,552382,1327085
73,1/18/24,225078,725854
18,1/18/24,730613,3005028
48,1/18/24,552382,1327085
70,1/18/24,320928.16,366139
64,1/12/24,0,0
8,1/12/24,1632451.82,1466956
42,1/12/24,468148,1377604
2,1/12/24,437761,1063708
8,1/12/24,1632451.82,1466956
67,1/12/24,1223567,4172951
64,1/12/24,0,0
8,1/12/24,1632451.82,1466956
8,1/12/24,1632451.82,1466956
42,1/12/24,468148,1377604
2,1/12/24,437761,1063708
42,1/12/24,468148,1377604
64,1/12/24,0,0
42,1/12/24,468148,1377604
5,1/12/24,1285314,1175764
42,1/12/24,468148,1377604
42,1/12/24,468148,1377604
2,1/12/24,437761,1063708
64,1/12/24,0,0
8,1/12/24,1632451.82,1466956
67,1/12/24,1223567,4172951
12,1/12/24,82133,230116
67,1/12/24,1223567,4172951
67,1/12/24,1223567,4172951
64,1/12/24,0,0
2,1/12/24,437761,1063708
12,1/12/24,82133,230116
5,1/12/24,1285314,1175764
67,1/12/24,1223567,4172951
12,1/12/24,82133,230116
67,1/12/24,1223567,4172951
12,1/12/24,82133,230116
12,1/12/24,82133,230116
5,1/12/24,1285314,1175764
8,1/12/24,1632451.82,1466956
5,1/12/24,1285314,1175764
5,1/12/24,1285314,1175764
64,1/12/24,0,0
5,1/12/24,1285314,1175764
12,1/12/24,82133,230116
2,1/12/24,437761,1063708
8,1/12/24,1632451.82,1466956
2,1/12/24,437761,1063708
2,1/12/24,437761,1063708
67,1/12/24,1223567,4172951
42,1/12/24,468148,1377604
64,1/12/24,0,0
2,1/12/24,437761,1063708
67,1/12/24,1223567,4172951
12,1/12/24,82133,230116
5,1/12/24,1285314,1175764
5,1/12/24,1285314,1175764
64,1/12/24,0,0
8,1/12/24,1632451.82,1466956
12,1/12/24,82133,230116
42,1/12/24,468148,1377604
7,1/11/24,1378978,1370636
4,1/11/24,450112,1829667
66,1/11/24,3997496.36,3823513
7,1/11/24,1378978,1370636
66,1/11/24,3997496.36,3823513
41,1/11/24,1289473.71,1332998
66,1/11/24,3997496.36,3823513
4,1/11/24,450112,1829667
63,1/11/24,0,0
41,1/11/24,1289473.71,1332998
63,1/11/24,0,0
66,1/11/24,3997496.36,3823513
41,1/11/24,1289473.71,1332998
63,1/11/24,0,0
1,1/11/24,1016567,1004617
4,1/11/24,450112,1829667
41,1/11/24,1289473.71,1332998
63,1/11/24,0,0
63,1/11/24,0,0
63,1/11/24,0,0
66,1/11/24,3997496.36,3823513
1,1/11/24,1016567,1004617
4,1/11/24,450112,1829667
63,1/11/24,0,0
41,1/11/24,1289473.71,1332998
1,1/11/24,1016567,1004617
1,1/11/24,1016567,1004617
1,1/11/24,1016567,1004617
4,1/11/24,450112,1829667
11,1/11/24,200857.96,225941
1,1/11/24,1016567,1004617
11,1/11/24,200857.96,225941
11,1/11/24,200857.96,225941
1,1/11/24,1016567,1004617
41,1/11/24,1289473.71,1332998
41,1/11/24,1289473.71,1332998
11,1/11/24,200857.96,225941
7,1/11/24,1378978,1370636
7,1/11/24,1378978,1370636
7,1/11/24,1378978,1370636
4,1/11/24,450112,1829667
7,1/11/24,1378978,1370636
1,1/11/24,1016567,1004617
4,1/11/24,450112,1829667
11,1/11/24,200857.96,225941
63,1/11/24,0,0
4,1/11/24,450112,1829667
11,1/11/24,200857.96,225941
66,1/11/24,3997496.36,3823513
11,1/11/24,200857.96,225941
66,1/11/24,3997496.36,3823513
41,1/11/24,1289473.71,1332998
7,1/11/24,1378978,1370636
7,1/11/24,1378978,1370636
11,1/11/24,200857.96,225941
66,1/11/24,3997496.36,3823513
6,1/10/24,195637,696404
65,1/10/24,4008646.9,3886768
3,1/10/24,2098660.54,1911141
10,1/10/24,264044,327809
3,1/10/24,2098660.54,1911141
10,1/10/24,264044,327809
3,1/10/24,2098660.54,1911141
65,1/10/24,4008646.9,3886768
6,1/10/24,195637,696404
3,1/10/24,2098660.54,1911141
40,1/10/24,1303559,1195904
3,1/10/24,2098660.54,1911141
62,1/10/24,314662,816239
65,1/10/24,4008646.9,3886768
10,1/10/24,264044,327809
121,1/10/24,1380498,1342323
62,1/10/24,314662,816239
62,1/10/24,314662,816239
62,1/10/24,314662,816239
65,1/10/24,4008646.9,3886768
40,1/10/24,1303559,1195904
62,1/10/24,314662,816239
6,1/10/24,195637,696404
3,1/10/24,2098660.54,1911141
121,1/10/24,1380498,1342323
40,1/10/24,1303559,1195904
65,1/10/24,4008646.9,3886768
62,1/10/24,314662,816239
121,1/10/24,1380498,1342323
121,1/10/24,1380498,1342323
121,1/10/24,1380498,1342323
62,1/10/24,314662,816239
10,1/10/24,264044,327809
40,1/10/24,1303559,1195904
65,1/10/24,4008646.9,3886768
10,1/10/24,264044,327809
10,1/10/24,264044,327809
10,1/10/24,264044,327809
40,1/10/24,1303559,1195904
121,1/10/24,1380498,1342323
6,1/10/24,195637,696404
6,1/10/24,195637,696404
6,1/10/24,195637,696404
6,1/10/24,195637,696404
40,1/10/24,1303559,1195904
6,1/10/24,195637,696404
62,1/10/24,314662,816239
3,1/10/24,2098660.54,1911141
3,1/10/24,2098660.54,1911141
65,1/10/24,4008646.9,3886768
121,1/10/24,1380498,1342323
65,1/10/24,4008646.9,3886768
10,1/10/24,264044,327809
40,1/10/24,1303559,1195904
121,1/10/24,1380498,1342323
40,1/10/24,1303559,1195904
64,1/9/24,406389,1573033
64,1/9/24,406389,1573033
2,1/9/24,2510034.46,2456341
5,1/9/24,726938.65,637451
2,1/9/24,2510034.46,2456341
9,1/9/24,350046,1117265
2,1/9/24,2510034.46,2456341
9,1/9/24,350046,1117265
39,1/9/24,421806,1622572
64,1/9/24,406389,1573033
2,1/9/24,2510034.46,2456341
64,1/9/24,406389,1573033
61,1/9/24,756385.88,841492
5,1/9/24,726938.65,637451
5,1/9/24,726938.65,637451
120,1/9/24,243498,937140
5,1/9/24,726938.65,637451
61,1/9/24,756385.88,841492
5,1/9/24,726938.65,637451
120,1/9/24,243498,937140
61,1/9/24,756385.88,841492
61,1/9/24,756385.88,841492
9,1/9/24,350046,1117265
61,1/9/24,756385.88,841492
61,1/9/24,756385.88,841492
39,1/9/24,421806,1622572
120,1/9/24,243498,937140
39,1/9/24,421806,1622572
39,1/9/24,421806,1622572
2,1/9/24,2510034.46,2456341
9,1/9/24,350046,1117265
5,1/9/24,726938.65,637451
120,1/9/24,243498,937140
61,1/9/24,756385.88,841492
39,1/9/24,421806,1622572
9,1/9/24,350046,1117265
64,1/9/24,406389,1573033
2,1/9/24,2510034.46,2456341
64,1/9/24,406389,1573033
9,1/9/24,350046,1117265
64,1/9/24,406389,1573033
61,1/9/24,756385.88,841492
9,1/9/24,350046,1117265
120,1/9/24,243498,937140
5,1/9/24,726938.65,637451
64,1/9/24,406389,1573033
120,1/9/24,243498,937140
5,1/9/24,726938.65,637451
39,1/9/24,421806,1622572
2,1/9/24,2510034.46,2456341
9,1/9/24,350046,1117265
120,1/9/24,243498,937140
39,1/9/24,421806,1622572
120,1/9/24,243498,937140
39,1/9/24,421806,1622572
2,1/9/24,2510034.46,2456341
119,1/8/24,953832,854931
4,1/8/24,708913,537678
1,1/8/24,149445,400405
1,1/8/24,149445,400405
4,1/8/24,708913,537678
8,1/8/24,1032659,894197
60,1/8/24,809782,723879
1,1/8/24,149445,400405
63,1/8/24,1492192,1216537
1,1/8/24,149445,400405
8,1/8/24,1032659,894197
119,1/8/24,953832,854931
8,1/8/24,1032659,894197
63,1/8/24,1492192,1216537
4,1/8/24,708913,537678
63,1/8/24,1492192,1216537
38,1/8/24,1550314,1464923
4,1/8/24,708913,537678
60,1/8/24,809782,723879
60,1/8/24,809782,723879
63,1/8/24,1492192,1216537
119,1/8/24,953832,854931
60,1/8/24,809782,723879
60,1/8/24,809782,723879
38,1/8/24,1550314,1464923
1,1/8/24,149445,400405
4,1/8/24,708913,537678
4,1/8/24,708913,537678
8,1/8/24,1032659,894197
119,1/8/24,953832,854931
38,1/8/24,1550314,1464923
119,1/8/24,953832,854931
63,1/8/24,1492192,1216537
38,1/8/24,1550314,1464923
8,1/8/24,1032659,894197
8,1/8/24,1032659,894197
1,1/8/24,149445,400405
60,1/8/24,809782,723879
60,1/8/24,809782,723879
63,1/8/24,1492192,1216537
1,1/8/24,149445,400405
119,1/8/24,953832,854931
38,1/8/24,1550314,1464923
38,1/8/24,1550314,1464923
8,1/8/24,1032659,894197
63,1/8/24,1492192,1216537
63,1/8/24,1492192,1216537
119,1/8/24,953832,854931
4,1/8/24,708913,537678
1,1/8/24,149445,400405
8,1/8/24,1032659,894197
4,1/8/24,708913,537678
119,1/8/24,953832,854931
38,1/8/24,1550314,1464923
38,1/8/24,1550314,1464923
60,1/8/24,809782,723879
107,1/1/24,180381,728828
104,1/1/24,30133001,29848954
48,1/1/24,569894,561983
91,1/1/24,1130086,1185900
101,1/1/24,1437802,6096609
42,1/1/24,406486.18,365457
104,1/1/24,30133001,29848954
85,1/1/24,5028722,4301032
45,1/1/24,0,0
112,1/1/24,1095697,1235610
110,1/1/24,757022,664741
115,1/1/24,1974749,1879973
107,1/1/24,27003995,27656900
104,1/1/24,391192,1772052
73,1/1/24,277127,288099
82,1/1/24,910537,784521
88,1/1/24,1039853,1122845
85,1/1/24,5028722,4301032
53,1/1/24,143682,553186
104,1/1/24,30133001,29848954
51,1/1/24,108917,475750
45,1/1/24,0,0
104,1/1/24,391192,1772052
79,1/1/24,9853360.9,9643111
91,1/1/24,1130086,1185900
104,1/1/24,30133001,29848954
39,1/1/24,1350446,1013905
88,1/1/24,1039853,1122845
45,1/1/24,9311575.45,9093838
48,1/1/24,569894,561983
39,1/1/24,11002692,54480743
36,1/1/24,776786,798099
94,1/1/24,1988697,1517916
33,1/1/24,603820,540792
104,1/1/24,391192,1772052
79,1/1/24,9853360.9,9643111
91,1/1/24,1130086,1185900
36,1/1/24,776786,798099
98,1/1/24,721894,677394
107,1/1/24,27003995,27656900
107,1/1/24,180381,728828
45,1/1/24,0,0
94,1/1/24,1988697,1517916
36,1/1/24,776786,798099
48,1/1/24,569894,561983
48,1/1/24,569894,561983
115,1/1/24,1974749,1879973
45,1/1/24,9311575.45,9093838
104,1/1/24,30133001,29848954
45,1/1/24,9311575.45,9093838
31,1/1/24,1194685,1086133
33,1/1/24,603820,540792
31,1/1/24,1194685,1086133
94,1/1/24,1988697,1517916
56,1/1/24,838792,797841
39,1/1/24,11002692,54480743
48,1/1/24,457756,1671288
95,1/1/24,190648,713709
45,1/1/24,0,0
98,1/1/24,721894,677394
1,1/1/24,1053765,610700
39,1/1/24,11002692,54480743
73,1/1/24,277127,288099
42,1/1/24,406486.18,365457
118,1/1/24,97134,334397
73,1/1/24,277127,288099
42,1/1/24,406486.18,365457
88,1/1/24,1039853,1122845
115,1/1/24,1974749,1879973
45,1/1/24,242658,959385
73,1/1/24,277127,288099
73,1/1/24,277127,288099
104,1/1/24,30133001,29848954
95,1/1/24,190648,713709
101,1/1/24,1437802,6096609
107,1/1/24,180381,728828
110,1/1/24,757022,664741
112,1/1/24,1095697,1235610
53,1/1/24,143682,553186
107,1/1/24,180381,728828
53,1/1/24,143682,553186
42,1/1/24,7829793.48,7136316
42,1/1/24,7829793.48,7136316
98,1/1/24,721894,677394
39,1/1/24,11002692,54480743
88,1/1/24,1039853,1122845
31,1/1/24,1194685,1086133
115,1/1/24,1974749,1879973
101,1/1/24,1437802,6096609
42,1/1/24,406486.18,365457
39,1/1/24,1350446,1013905
104,1/1/24,391192,1772052
88,1/1/24,1039853,1122845
56,1/1/24,838792,797841
95,1/1/24,190648,713709
82,1/1/24,910537,784521
42,1/1/24,406486.18,365457
107,1/1/24,180381,728828
82,1/1/24,910537,784521
85,1/1/24,5028722,4301032
98,1/1/24,721894,677394
1,1/1/24,1053765,610700
107,1/1/24,27003995,27656900
53,1/1/24,143682,553186
1,1/1/24,1053765,610700
85,1/1/24,5028722,4301032
115,1/1/24,1974749,1879973
73,1/1/24,277127,288099
112,1/1/24,1095697,1235610
104,1/1/24,391192,1772052
95,1/1/24,190648,713709
45,1/1/24,0,0
33,1/1/24,603820,540792
110,1/1/24,757022,664741
31,1/1/24,1194685,1086133
39,1/1/24,11002692,54480743
39,1/1/24,11002692,54480743
85,1/1/24,5028722,4301032
45,1/1/24,242658,959385
36,1/1/24,776786,798099
104,1/1/24,30133001,29848954
79,1/1/24,9853360.9,9643111
48,1/1/24,457756,1671288
95,1/1/24,190648,713709
51,1/1/24,108917,475750
107,1/1/24,180381,728828
36,1/1/24,776786,798099
1,1/1/24,1053765,610700
31,1/1/24,1194685,1086133
79,1/1/24,9853360.9,9643111
36,1/1/24,776786,798099
39,1/1/24,11002692,54480743
85,1/1/24,5028722,4301032
79,1/1/24,9853360.9,9643111
91,1/1/24,1130086,1185900
107,1/1/24,27003995,27656900
48,1/1/24,457756,1671288
91,1/1/24,1130086,1185900
104,1/1/24,391192,1772052
88,1/1/24,1039853,1122845
51,1/1/24,108917,475750
39,1/1/24,1350446,1013905
101,1/1/24,1437802,6096609
94,1/1/24,1988697,1517916
85,1/1/24,5028722,4301032
107,1/1/24,27003995,27656900
42,1/1/24,7829793.48,7136316
110,1/1/24,757022,664741
36,1/1/24,776786,798099
56,1/1/24,838792,797841
31,1/1/24,1194685,1086133
42,1/1/24,7829793.48,7136316
1,1/1/24,1053765,610700
79,1/1/24,9853360.9,9643111
45,1/1/24,0,0
51,1/1/24,108917,475750
31,1/1/24,1194685,1086133
98,1/1/24,721894,677394
51,1/1/24,108917,475750
98,1/1/24,721894,677394
33,1/1/24,603820,540792
118,1/1/24,97134,334397
115,1/1/24,1974749,1879973
45,1/1/24,0,0
118,1/1/24,97134,334397
112,1/1/24,1095697,1235610
45,1/1/24,9311575.45,9093838
115,1/1/24,1974749,1879973
56,1/1/24,838792,797841
112,1/1/24,1095697,1235610
118,1/1/24,97134,334397
118,1/1/24,97134,334397
118,1/1/24,97134,334397
107,1/1/24,180381,728828
45,1/1/24,242658,959385
42,1/1/24,406486.18,365457
39,1/1/24,1350446,1013905
101,1/1/24,1437802,6096609
82,1/1/24,910537,784521
112,1/1/24,1095697,1235610
1,1/1/24,1053765,610700
45,1/1/24,9311575.45,9093838
94,1/1/24,1988697,1517916
88,1/1/24,1039853,1122845
56,1/1/24,838792,797841
33,1/1/24,603820,540792
107,1/1/24,27003995,27656900
53,1/1/24,143682,553186
45,1/1/24,9311575.45,9093838
45,1/1/24,242658,959385
110,1/1/24,757022,664741
98,1/1/24,721894,677394
118,1/1/24,97134,334397
91,1/1/24,1130086,1185900
56,1/1/24,838792,797841
95,1/1/24,190648,713709
98,1/1/24,721894,677394
45,1/1/24,242658,959385
31,1/1/24,1194685,1086133
73,1/1/24,277127,288099
56,1/1/24,838792,797841
42,1/1/24,7829793.48,7136316
104,1/1/24,30133001,29848954
94,1/1/24,1988697,1517916
45,1/1/24,9311575.45,9093838
39,1/1/24,1350446,1013905
101,1/1/24,1437802,6096609
95,1/1/24,190648,713709
42,1/1/24,406486.18,365457
82,1/1/24,910537,784521
48,1/1/24,457756,1671288
88,1/1/24,1039853,1122845
107,1/1/24,27003995,27656900
53,1/1/24,143682,553186
56,1/1/24,838792,797841
48,1/1/24,457756,1671288
104,1/1/24,391192,1772052
45,1/1/24,242658,959385
48,1/1/24,457756,1671288
82,1/1/24,910537,784521
85,1/1/24,5028722,4301032
118,1/1/24,97134,334397
48,1/1/24,457756,1671288
42,1/1/24,406486.18,365457
48,1/1/24,569894,561983
45,1/1/24,0,0
42,1/1/24,7829793.48,7136316
107,1/1/24,27003995,27656900
91,1/1/24,1130086,1185900
33,1/1/24,603820,540792
1,1/1/24,1053765,610700
51,1/1/24,108917,475750
110,1/1/24,757022,664741
104,1/1/24,391192,1772052
36,1/1/24,776786,798099
53,1/1/24,143682,553186
48,1/1/24,569894,561983
51,1/1/24,108917,475750
73,1/1/24,277127,288099
94,1/1/24,1988697,1517916
51,1/1/24,108917,475750
82,1/1/24,910537,784521
1,1/1/24,1053765,610700
91,1/1/24,1130086,1185900
115,1/1/24,1974749,1879973
112,1/1/24,1095697,1235610
110,1/1/24,757022,664741
101,1/1/24,1437802,6096609
53,1/1/24,143682,553186
45,1/1/24,242658,959385
107,1/1/24,180381,728828
39,1/1/24,1350446,1013905
48,1/1/24,457756,1671288
45,1/1/24,9311575.45,9093838
33,1/1/24,603820,540792
101,1/1/24,1437802,6096609
79,1/1/24,9853360.9,9643111
39,1/1/24,1350446,1013905
39,1/1/24,1350446,1013905
94,1/1/24,1988697,1517916
82,1/1/24,910537,784521
79,1/1/24,9853360.9,9643111
45,1/1/24,242658,959385
39,1/1/24,11002692,54480743
95,1/1/24,190648,713709
33,1/1/24,603820,540792
42,1/1/24,7829793.48,7136316
112,1/1/24,1095697,1235610
48,1/1/24,569894,561983
110,1/1/24,757022,664741
42,1/1/24,7829793.48,7136316
48,1/1/24,569894,561983